lead_id,date,month,month_num,source,inbound,city,brand,status,delay_days,cpl_eur,vehicle_value,margin_eur,margin_pct
VM00001,2025-01-01,2025-01,1,LeBonCoin,False,Lille,Volkswagen,RDV planifié,1,8,,,
VM00002,2025-01-01,2025-01,1,LeBonCoin,False,Montpellier,Peugeot,En cours,1,8,,,
VM00003,2025-01-01,2025-01,1,LeBonCoin,False,Lyon,Peugeot,RDV planifié,1,8,,,
VM00004,2025-01-02,2025-01,1,LeBonCoin,False,Nice,Renault,NRP,3,8,,,
VM00005,2025-01-02,2025-01,1,LaCentrale,False,Montpellier,Ford,RDV planifié,6,8,,,
VM00006,2025-01-02,2025-01,1,LaCentrale,False,Lille,Renault,En cours,5,8,,,
VM00007,2025-01-03,2025-01,1,LeBonCoin,False,Strasbourg,Toyota,RDV effectué,4,8,,,
VM00008,2025-01-03,2025-01,1,LaCentrale,False,Marseille,Peugeot,En cours,2,8,,,
VM00009,2025-01-04,2025-01,1,LeBonCoin,False,Marseille,Toyota,NRP,1,8,,,
VM00010,2025-01-04,2025-01,1,LaCentrale,False,Lyon,Dacia,RDV planifié,7,8,,,
VM00011,2025-01-05,2025-01,1,LeBonCoin,False,Bordeaux,Opel,RDV planifié,4,8,,,
VM00012,2025-01-05,2025-01,1,LeBonCoin,False,Marseille,Mercedes,En cours,5,8,,,
VM00013,2025-01-05,2025-01,1,LeBonCoin,False,Lyon,Volkswagen,NRP,1,8,,,
VM00014,2025-01-05,2025-01,1,LaCentrale,False,Toulouse,Peugeot,RDV effectué,3,8,,,
VM00015,2025-01-06,2025-01,1,LeBonCoin,False,Marseille,Citroën,En cours,4,8,,,
VM00016,2025-01-06,2025-01,1,LeBonCoin,False,Lille,Peugeot,En cours,2,8,,,
VM00017,2025-01-06,2025-01,1,LaCentrale,False,Montpellier,Volkswagen,RDV planifié,2,8,,,
VM00018,2025-01-07,2025-01,1,LeBonCoin,False,Lille,Opel,NRP,2,8,,,
VM00019,2025-01-07,2025-01,1,LeBonCoin,False,Lyon,Volkswagen,NRP,2,8,,,
VM00020,2025-01-07,2025-01,1,LeBonCoin,False,Toulouse,Mercedes,Signé,14,8,7200.0,583.0,0.081
VM00021,2025-01-08,2025-01,1,LeBonCoin,False,Rennes,Citroën,Signé,7,8,6500.0,650.0,0.1
VM00022,2025-01-08,2025-01,1,LeBonCoin,False,Montpellier,Opel,En cours,2,8,,,
VM00023,2025-01-08,2025-01,1,LaCentrale,False,Strasbourg,Mercedes,En cours,5,8,,,
VM00024,2025-01-09,2025-01,1,LeBonCoin,False,Nantes,Opel,En cours,2,8,,,
VM00025,2025-01-09,2025-01,1,LaCentrale,False,Bordeaux,Citroën,En cours,1,8,,,
VM00026,2025-01-09,2025-01,1,LaCentrale,False,Strasbourg,Mercedes,RDV planifié,7,8,,,
VM00027,2025-01-09,2025-01,1,LaCentrale,False,Nice,Dacia,NRP,2,8,,,
VM00028,2025-01-10,2025-01,1,LeBonCoin,False,Lyon,Peugeot,RDV planifié,5,8,,,
VM00029,2025-01-10,2025-01,1,LeBonCoin,False,Lille,Toyota,RDV effectué,10,8,,,
VM00030,2025-01-11,2025-01,1,LeBonCoin,False,Nantes,Dacia,NRP,2,8,,,
VM00031,2025-01-11,2025-01,1,LaCentrale,False,Lille,Opel,NRP,3,8,,,
VM00032,2025-01-11,2025-01,1,LaCentrale,False,Bordeaux,BMW,RDV effectué,10,8,,,
VM00033,2025-01-13,2025-01,1,LeBonCoin,False,Nantes,Opel,Signé,10,8,8600.0,619.0,0.072
VM00034,2025-01-13,2025-01,1,LeBonCoin,False,Lyon,Mercedes,Perdu,11,8,,,
VM00035,2025-01-13,2025-01,1,LaCentrale,False,Bordeaux,Toyota,En cours,1,8,,,
VM00036,2025-01-14,2025-01,1,LeBonCoin,False,Nice,Peugeot,Signé,14,8,7100.0,462.0,0.065
VM00037,2025-01-14,2025-01,1,LeBonCoin,False,Bordeaux,Opel,NRP,2,8,,,
VM00038,2025-01-14,2025-01,1,LeBonCoin,False,Rennes,Opel,RDV effectué,4,8,,,
VM00039,2025-01-14,2025-01,1,LeBonCoin,False,Nice,Ford,NRP,3,8,,,
VM00040,2025-01-14,2025-01,1,LaCentrale,False,Toulouse,BMW,Perdu,11,8,,,
VM00041,2025-01-14,2025-01,1,LaCentrale,False,Rennes,Opel,En cours,3,8,,,
VM00042,2025-01-14,2025-01,1,LaCentrale,False,Toulouse,Peugeot,En cours,2,8,,,
VM00043,2025-01-15,2025-01,1,LeBonCoin,False,Montpellier,Volkswagen,En cours,5,8,,,
VM00044,2025-01-15,2025-01,1,LeBonCoin,False,Bordeaux,Renault,RDV planifié,1,8,,,
VM00045,2025-01-15,2025-01,1,LaCentrale,False,Marseille,Peugeot,En cours,1,8,,,
VM00046,2025-01-16,2025-01,1,LeBonCoin,False,Rennes,Volkswagen,RDV planifié,3,8,,,
VM00047,2025-01-16,2025-01,1,LeBonCoin,False,Nice,Mercedes,RDV planifié,6,8,,,
VM00048,2025-01-17,2025-01,1,LeBonCoin,False,Strasbourg,Volkswagen,En cours,4,8,,,
VM00049,2025-01-18,2025-01,1,LeBonCoin,False,Strasbourg,Toyota,NRP,3,8,,,
VM00050,2025-01-18,2025-01,1,LeBonCoin,False,Lyon,Peugeot,En cours,4,8,,,
VM00051,2025-01-18,2025-01,1,LaCentrale,False,Marseille,Peugeot,NRP,3,8,,,
VM00052,2025-01-18,2025-01,1,LaCentrale,False,Montpellier,Dacia,En cours,2,8,,,
VM00053,2025-01-19,2025-01,1,LeBonCoin,False,Lille,Dacia,NRP,1,8,,,
VM00054,2025-01-19,2025-01,1,LeBonCoin,False,Rennes,Opel,En cours,1,8,,,
VM00055,2025-01-19,2025-01,1,LaCentrale,False,Montpellier,Renault,NRP,3,8,,,
VM00056,2025-01-20,2025-01,1,LeBonCoin,False,Toulouse,Citroën,Perdu,15,8,,,
VM00057,2025-01-20,2025-01,1,LeBonCoin,False,Toulouse,Ford,En cours,4,8,,,
VM00058,2025-01-20,2025-01,1,LaCentrale,False,Lille,Dacia,Signé,4,8,7500.0,1042.0,0.139
VM00059,2025-01-21,2025-01,1,LeBonCoin,False,Rennes,Citroën,En cours,5,8,,,
VM00060,2025-01-22,2025-01,1,LeBonCoin,False,Lyon,Mercedes,NRP,1,8,,,
VM00061,2025-01-22,2025-01,1,LeBonCoin,False,Marseille,Renault,RDV effectué,2,8,,,
VM00062,2025-01-22,2025-01,1,LeBonCoin,False,Montpellier,Opel,NRP,2,8,,,
VM00063,2025-01-23,2025-01,1,LeBonCoin,False,Bordeaux,Citroën,NRP,3,8,,,
VM00064,2025-01-23,2025-01,1,LaCentrale,False,Toulouse,Ford,NRP,1,8,,,
VM00065,2025-01-23,2025-01,1,LaCentrale,False,Toulouse,Mercedes,NRP,3,8,,,
VM00066,2025-01-23,2025-01,1,LaCentrale,False,Bordeaux,Ford,RDV planifié,5,8,,,
VM00067,2025-01-23,2025-01,1,LaCentrale,False,Montpellier,Toyota,RDV planifié,5,8,,,
VM00068,2025-01-25,2025-01,1,LeBonCoin,False,Marseille,Volkswagen,Perdu,6,8,,,
VM00069,2025-01-25,2025-01,1,LeBonCoin,False,Lille,Dacia,En cours,2,8,,,
VM00070,2025-01-25,2025-01,1,LaCentrale,False,Lyon,Dacia,En cours,1,8,,,
VM00071,2025-01-26,2025-01,1,LeBonCoin,False,Bordeaux,Peugeot,RDV planifié,5,8,,,
VM00072,2025-01-26,2025-01,1,LeBonCoin,False,Lille,Citroën,RDV planifié,5,8,,,
VM00073,2025-01-27,2025-01,1,LeBonCoin,False,Toulouse,Toyota,Perdu,4,8,,,
VM00074,2025-01-27,2025-01,1,LeBonCoin,False,Montpellier,BMW,En cours,4,8,,,
VM00075,2025-01-27,2025-01,1,LeBonCoin,False,Montpellier,Renault,RDV planifié,7,8,,,
VM00076,2025-01-27,2025-01,1,LeBonCoin,False,Lille,Peugeot,RDV planifié,5,8,,,
VM00077,2025-01-27,2025-01,1,LaCentrale,False,Lille,Peugeot,Perdu,5,8,,,
VM00078,2025-01-28,2025-01,1,LeBonCoin,False,Nice,Volkswagen,Signé,13,8,8300.0,681.0,0.082
VM00079,2025-01-28,2025-01,1,LeBonCoin,False,Lille,Opel,RDV effectué,5,8,,,
VM00080,2025-01-28,2025-01,1,LaCentrale,False,Bordeaux,Ford,En cours,1,8,,,
VM00081,2025-01-29,2025-01,1,LeBonCoin,False,Lille,Citroën,Signé,2,8,3900.0,476.0,0.122
VM00082,2025-01-29,2025-01,1,LeBonCoin,False,Strasbourg,Opel,RDV effectué,10,8,,,
VM00083,2025-01-29,2025-01,1,LeBonCoin,False,Nantes,Opel,NRP,1,8,,,
VM00084,2025-01-29,2025-01,1,LaCentrale,False,Nice,Opel,NRP,2,8,,,
VM00085,2025-01-30,2025-01,1,LeBonCoin,False,Lyon,BMW,NRP,1,8,,,
VM00086,2025-01-30,2025-01,1,LaCentrale,False,Marseille,Volkswagen,En cours,1,8,,,
VM00087,2025-01-30,2025-01,1,LaCentrale,False,Marseille,Opel,RDV effectué,3,8,,,
VM00088,2025-01-31,2025-01,1,LeBonCoin,False,Toulouse,Citroën,Signé,8,8,9900.0,1188.0,0.12
VM00089,2025-01-31,2025-01,1,LeBonCoin,False,Nantes,Ford,Perdu,15,8,,,
VM00090,2025-01-31,2025-01,1,LaCentrale,False,Marseille,Ford,NRP,3,8,,,
VM00091,2025-01-31,2025-01,1,LaCentrale,False,Lille,Citroën,RDV effectué,5,8,,,
VM00092,2025-01-31,2025-01,1,LaCentrale,False,Strasbourg,Renault,RDV effectué,3,8,,,
VM00093,2025-01-31,2025-01,1,LaCentrale,False,Marseille,BMW,Signé,5,8,6400.0,851.0,0.133
VM00094,2025-02-01,2025-02,2,LeBonCoin,False,Strasbourg,Toyota,Signé,5,8,6600.0,746.0,0.113
VM00095,2025-02-01,2025-02,2,LeBonCoin,False,Lille,Toyota,En cours,1,8,,,
VM00096,2025-02-01,2025-02,2,LeBonCoin,False,Montpellier,Toyota,RDV planifié,4,8,,,
VM00097,2025-02-02,2025-02,2,LeBonCoin,False,Lille,Citroën,Perdu,4,8,,,
VM00098,2025-02-02,2025-02,2,LeBonCoin,False,Lyon,Peugeot,RDV planifié,3,8,,,
VM00099,2025-02-03,2025-02,2,LeBonCoin,False,Marseille,Ford,RDV planifié,3,8,,,
VM00100,2025-02-03,2025-02,2,LeBonCoin,False,Bordeaux,Ford,RDV planifié,5,8,,,
VM00101,2025-02-04,2025-02,2,LeBonCoin,False,Lyon,Opel,Signé,5,8,6800.0,796.0,0.117
VM00102,2025-02-04,2025-02,2,LeBonCoin,False,Toulouse,Toyota,Perdu,11,8,,,
VM00103,2025-02-04,2025-02,2,LeBonCoin,False,Nice,Toyota,En cours,3,8,,,
VM00104,2025-02-04,2025-02,2,LaCentrale,False,Lille,Opel,RDV planifié,1,8,,,
VM00105,2025-02-05,2025-02,2,LeBonCoin,False,Marseille,Ford,En cours,4,8,,,
VM00106,2025-02-05,2025-02,2,LeBonCoin,False,Nantes,Volkswagen,RDV effectué,10,8,,,
VM00107,2025-02-05,2025-02,2,LeBonCoin,False,Nantes,Mercedes,En cours,4,8,,,
VM00108,2025-02-06,2025-02,2,LeBonCoin,False,Montpellier,Renault,RDV planifié,4,8,,,
VM00109,2025-02-06,2025-02,2,LeBonCoin,False,Strasbourg,Mercedes,En cours,2,8,,,
VM00110,2025-02-06,2025-02,2,LeBonCoin,False,Rennes,Dacia,RDV planifié,3,8,,,
VM00111,2025-02-06,2025-02,2,LaCentrale,False,Montpellier,Dacia,En cours,2,8,,,
VM00112,2025-02-08,2025-02,2,LaCentrale,False,Bordeaux,BMW,RDV effectué,4,8,,,
VM00113,2025-02-09,2025-02,2,LeBonCoin,False,Nice,Toyota,RDV planifié,6,8,,,
VM00114,2025-02-09,2025-02,2,LaCentrale,False,Lille,Volkswagen,NRP,1,8,,,
VM00115,2025-02-10,2025-02,2,LaCentrale,False,Lyon,Renault,RDV effectué,4,8,,,
VM00116,2025-02-11,2025-02,2,LeBonCoin,False,Nice,Peugeot,En cours,4,8,,,
VM00117,2025-02-11,2025-02,2,LeBonCoin,False,Toulouse,Ford,En cours,5,8,,,
VM00118,2025-02-11,2025-02,2,LaCentrale,False,Nantes,Renault,En cours,2,8,,,
VM00119,2025-02-13,2025-02,2,LeBonCoin,False,Toulouse,Citroën,Signé,14,8,9600.0,1171.0,0.122
VM00120,2025-02-13,2025-02,2,LaCentrale,False,Rennes,Renault,RDV effectué,10,8,,,
VM00121,2025-02-14,2025-02,2,LeBonCoin,False,Bordeaux,Dacia,RDV planifié,7,8,,,
VM00122,2025-02-14,2025-02,2,LeBonCoin,False,Montpellier,Opel,NRP,2,8,,,
VM00123,2025-02-14,2025-02,2,LeBonCoin,False,Rennes,Mercedes,RDV planifié,7,8,,,
VM00124,2025-02-14,2025-02,2,LaCentrale,False,Strasbourg,Opel,RDV effectué,10,8,,,
VM00125,2025-02-14,2025-02,2,LaCentrale,False,Rennes,Dacia,En cours,2,8,,,
VM00126,2025-02-14,2025-02,2,LaCentrale,False,Lille,Opel,En cours,2,8,,,
VM00127,2025-02-15,2025-02,2,LeBonCoin,False,Lille,Dacia,En cours,2,8,,,
VM00128,2025-02-15,2025-02,2,LeBonCoin,False,Toulouse,BMW,NRP,2,8,,,
VM00129,2025-02-15,2025-02,2,LeBonCoin,False,Bordeaux,Citroën,En cours,5,8,,,
VM00130,2025-02-15,2025-02,2,LeBonCoin,False,Nantes,Volkswagen,NRP,2,8,,,
VM00131,2025-02-15,2025-02,2,LaCentrale,False,Marseille,Opel,NRP,2,8,,,
VM00132,2025-02-15,2025-02,2,LaCentrale,False,Toulouse,Ford,En cours,1,8,,,
VM00133,2025-02-15,2025-02,2,LaCentrale,False,Lyon,Mercedes,En cours,5,8,,,
VM00134,2025-02-17,2025-02,2,LeBonCoin,False,Marseille,BMW,En cours,1,8,,,
VM00135,2025-02-18,2025-02,2,LaCentrale,False,Montpellier,Opel,RDV effectué,8,8,,,
VM00136,2025-02-20,2025-02,2,LeBonCoin,False,Rennes,Volkswagen,RDV effectué,5,8,,,
VM00137,2025-02-20,2025-02,2,LaCentrale,False,Lyon,Ford,En cours,4,8,,,
VM00138,2025-02-20,2025-02,2,LaCentrale,False,Nantes,Dacia,En cours,4,8,,,
VM00139,2025-02-21,2025-02,2,LeBonCoin,False,Nice,Mercedes,Signé,11,8,8300.0,1104.0,0.133
VM00140,2025-02-21,2025-02,2,LeBonCoin,False,Strasbourg,Citroën,RDV planifié,1,8,,,
VM00141,2025-02-21,2025-02,2,LeBonCoin,False,Toulouse,Dacia,Signé,4,8,5000.0,450.0,0.09
VM00142,2025-02-21,2025-02,2,LeBonCoin,False,Lille,Ford,En cours,4,8,,,
VM00143,2025-02-21,2025-02,2,LeBonCoin,False,Rennes,Renault,En cours,1,8,,,
VM00144,2025-02-21,2025-02,2,LaCentrale,False,Marseille,Volkswagen,RDV effectué,2,8,,,
VM00145,2025-02-21,2025-02,2,LaCentrale,False,Lyon,Renault,RDV planifié,7,8,,,
VM00146,2025-02-22,2025-02,2,LeBonCoin,False,Lyon,Mercedes,Perdu,6,8,,,
VM00147,2025-02-23,2025-02,2,LeBonCoin,False,Rennes,Peugeot,NRP,1,8,,,
VM00148,2025-02-23,2025-02,2,LeBonCoin,False,Rennes,BMW,RDV planifié,2,8,,,
VM00149,2025-02-23,2025-02,2,LaCentrale,False,Nice,Mercedes,RDV effectué,4,8,,,
VM00150,2025-02-24,2025-02,2,LeBonCoin,False,Bordeaux,Citroën,Perdu,14,8,,,
VM00151,2025-02-24,2025-02,2,LeBonCoin,False,Nice,Renault,Perdu,4,8,,,
VM00152,2025-02-24,2025-02,2,LeBonCoin,False,Strasbourg,Ford,Perdu,12,8,,,
VM00153,2025-02-24,2025-02,2,LaCentrale,False,Bordeaux,Mercedes,Perdu,6,8,,,
VM00154,2025-02-24,2025-02,2,LaCentrale,False,Bordeaux,BMW,RDV effectué,5,8,,,
VM00155,2025-02-25,2025-02,2,LeBonCoin,False,Nice,Renault,Signé,11,8,9400.0,1166.0,0.124
VM00156,2025-02-25,2025-02,2,LeBonCoin,False,Marseille,Peugeot,En cours,4,8,,,
VM00157,2025-02-26,2025-02,2,LeBonCoin,False,Lyon,Ford,RDV planifié,3,8,,,
VM00158,2025-02-26,2025-02,2,LaCentrale,False,Rennes,Citroën,Signé,3,8,7800.0,694.0,0.089
VM00159,2025-02-27,2025-02,2,LeBonCoin,False,Lille,Mercedes,En cours,5,8,,,
VM00160,2025-02-27,2025-02,2,LeBonCoin,False,Rennes,Dacia,RDV effectué,10,8,,,
VM00161,2025-02-27,2025-02,2,LaCentrale,False,Lille,Toyota,En cours,5,8,,,
VM00162,2025-02-27,2025-02,2,LaCentrale,False,Rennes,Mercedes,Signé,3,8,6900.0,662.0,0.096
VM00163,2025-02-28,2025-02,2,LeBonCoin,False,Marseille,Renault,RDV planifié,4,8,,,
VM00164,2025-02-28,2025-02,2,LeBonCoin,False,Nantes,Dacia,En cours,3,8,,,
VM00165,2025-02-28,2025-02,2,LeBonCoin,False,Marseille,BMW,NRP,2,8,,,
VM00166,2025-02-28,2025-02,2,LeBonCoin,False,Montpellier,Volkswagen,Signé,13,8,9600.0,998.0,0.104
VM00167,2025-03-01,2025-03,3,LeBonCoin,False,Strasbourg,Dacia,NRP,3,8,,,
VM00168,2025-03-01,2025-03,3,LeBonCoin,False,Rennes,Dacia,RDV planifié,2,8,,,
VM00169,2025-03-01,2025-03,3,LeBonCoin,False,Bordeaux,BMW,En cours,1,8,,,
VM00170,2025-03-01,2025-03,3,LeBonCoin,False,Lille,Mercedes,En cours,2,8,,,
VM00171,2025-03-01,2025-03,3,LaCentrale,False,Montpellier,Toyota,En cours,5,8,,,
VM00172,2025-03-02,2025-03,3,LeBonCoin,False,Marseille,Toyota,En cours,5,8,,,
VM00173,2025-03-02,2025-03,3,LeBonCoin,False,Lille,BMW,RDV effectué,6,8,,,
VM00174,2025-03-02,2025-03,3,LeBonCoin,False,Marseille,Peugeot,En cours,2,8,,,
VM00175,2025-03-02,2025-03,3,LeBonCoin,False,Toulouse,Volkswagen,RDV effectué,4,8,,,
VM00176,2025-03-02,2025-03,3,LeBonCoin,False,Nice,Opel,RDV effectué,6,8,,,
VM00177,2025-03-02,2025-03,3,LeBonCoin,False,Toulouse,BMW,RDV planifié,1,8,,,
VM00178,2025-03-02,2025-03,3,LaCentrale,False,Lille,Renault,En cours,2,8,,,
VM00179,2025-03-03,2025-03,3,LeBonCoin,False,Lille,Renault,RDV effectué,4,8,,,
VM00180,2025-03-03,2025-03,3,LeBonCoin,False,Lille,Citroën,Perdu,11,8,,,
VM00181,2025-03-03,2025-03,3,LaCentrale,False,Rennes,Peugeot,RDV planifié,7,8,,,
VM00182,2025-03-04,2025-03,3,LeBonCoin,False,Marseille,Citroën,Signé,11,8,7000.0,686.0,0.098
VM00183,2025-03-04,2025-03,3,LeBonCoin,False,Rennes,Peugeot,Perdu,7,8,,,
VM00184,2025-03-04,2025-03,3,LeBonCoin,False,Lyon,Citroën,Signé,8,8,8100.0,859.0,0.106
VM00185,2025-03-06,2025-03,3,LeBonCoin,False,Lille,Peugeot,NRP,3,8,,,
VM00186,2025-03-06,2025-03,3,LeBonCoin,False,Montpellier,Ford,Perdu,4,8,,,
VM00187,2025-03-06,2025-03,3,LaCentrale,False,Nice,Volkswagen,RDV planifié,7,8,,,
VM00188,2025-03-07,2025-03,3,LeBonCoin,False,Rennes,Dacia,RDV effectué,8,8,,,
VM00189,2025-03-07,2025-03,3,LeBonCoin,False,Strasbourg,BMW,En cours,5,8,,,
VM00190,2025-03-07,2025-03,3,LaCentrale,False,Nice,Peugeot,RDV planifié,1,8,,,
VM00191,2025-03-07,2025-03,3,LaCentrale,False,Toulouse,BMW,Perdu,6,8,,,
VM00192,2025-03-09,2025-03,3,LeBonCoin,False,Toulouse,Citroën,RDV planifié,2,8,,,
VM00193,2025-03-09,2025-03,3,LeBonCoin,False,Lyon,Ford,RDV planifié,2,8,,,
VM00194,2025-03-09,2025-03,3,LaCentrale,False,Rennes,BMW,En cours,5,8,,,
VM00195,2025-03-10,2025-03,3,LeBonCoin,False,Lille,Dacia,NRP,2,8,,,
VM00196,2025-03-11,2025-03,3,LeBonCoin,False,Lille,Mercedes,NRP,1,8,,,
VM00197,2025-03-11,2025-03,3,LaCentrale,False,Strasbourg,Peugeot,RDV planifié,2,8,,,
VM00198,2025-03-11,2025-03,3,LaCentrale,False,Nantes,BMW,RDV planifié,6,8,,,
VM00199,2025-03-12,2025-03,3,LeBonCoin,False,Nice,Mercedes,Signé,3,8,5100.0,627.0,0.123
VM00200,2025-03-12,2025-03,3,LeBonCoin,False,Bordeaux,Dacia,Perdu,10,8,,,
VM00201,2025-03-13,2025-03,3,LeBonCoin,False,Lille,Opel,RDV effectué,8,8,,,
VM00202,2025-03-13,2025-03,3,LeBonCoin,False,Bordeaux,Mercedes,RDV planifié,4,8,,,
VM00203,2025-03-14,2025-03,3,LaCentrale,False,Marseille,Mercedes,NRP,2,8,,,
VM00204,2025-03-15,2025-03,3,LeBonCoin,False,Toulouse,Mercedes,En cours,1,8,,,
VM00205,2025-03-16,2025-03,3,LeBonCoin,False,Lille,Mercedes,RDV planifié,1,8,,,
VM00206,2025-03-16,2025-03,3,LeBonCoin,False,Rennes,Opel,NRP,1,8,,,
VM00207,2025-03-16,2025-03,3,LaCentrale,False,Nantes,Mercedes,RDV planifié,3,8,,,
VM00208,2025-03-17,2025-03,3,LeBonCoin,False,Bordeaux,Dacia,En cours,4,8,,,
VM00209,2025-03-17,2025-03,3,LeBonCoin,False,Marseille,Peugeot,En cours,3,8,,,
VM00210,2025-03-17,2025-03,3,GBP,True,Strasbourg,Opel,Signé,6,0,7700.0,770.0,0.1
VM00211,2025-03-18,2025-03,3,LeBonCoin,False,Marseille,BMW,NRP,1,8,,,
VM00212,2025-03-19,2025-03,3,LeBonCoin,False,Montpellier,Renault,En cours,4,8,,,
VM00213,2025-03-19,2025-03,3,LeBonCoin,False,Rennes,Ford,RDV planifié,5,8,,,
VM00214,2025-03-19,2025-03,3,LeBonCoin,False,Marseille,Mercedes,NRP,3,8,,,
VM00215,2025-03-19,2025-03,3,LaCentrale,False,Lyon,Volkswagen,RDV effectué,9,8,,,
VM00216,2025-03-19,2025-03,3,LaCentrale,False,Lille,Dacia,En cours,2,8,,,
VM00217,2025-03-20,2025-03,3,LeBonCoin,False,Nice,Volkswagen,Signé,9,8,5800.0,800.0,0.138
VM00218,2025-03-20,2025-03,3,LeBonCoin,False,Montpellier,Renault,RDV effectué,6,8,,,
VM00219,2025-03-20,2025-03,3,LeBonCoin,False,Toulouse,Peugeot,RDV planifié,1,8,,,
VM00220,2025-03-20,2025-03,3,LaCentrale,False,Nantes,Dacia,En cours,1,8,,,
VM00221,2025-03-21,2025-03,3,LaCentrale,False,Montpellier,BMW,Perdu,7,8,,,
VM00222,2025-03-23,2025-03,3,LeBonCoin,False,Rennes,Volkswagen,En cours,4,8,,,
VM00223,2025-03-23,2025-03,3,LeBonCoin,False,Strasbourg,Volkswagen,En cours,2,8,,,
VM00224,2025-03-23,2025-03,3,LaCentrale,False,Nantes,Peugeot,Perdu,11,8,,,
VM00225,2025-03-23,2025-03,3,LaCentrale,False,Marseille,Opel,En cours,4,8,,,
VM00226,2025-03-24,2025-03,3,LeBonCoin,False,Lille,BMW,En cours,1,8,,,
VM00227,2025-03-24,2025-03,3,LaCentrale,False,Nantes,Dacia,Signé,11,8,10000.0,990.0,0.099
VM00228,2025-03-24,2025-03,3,LaCentrale,False,Marseille,Opel,RDV planifié,3,8,,,
VM00229,2025-03-25,2025-03,3,LaCentrale,False,Rennes,Toyota,RDV effectué,8,8,,,
VM00230,2025-03-26,2025-03,3,LeBonCoin,False,Strasbourg,Renault,Signé,13,8,6700.0,610.0,0.091
VM00231,2025-03-26,2025-03,3,LeBonCoin,False,Strasbourg,Ford,En cours,4,8,,,
VM00232,2025-03-26,2025-03,3,LaCentrale,False,Nantes,Dacia,Perdu,15,8,,,
VM00233,2025-03-27,2025-03,3,LeBonCoin,False,Montpellier,Mercedes,Perdu,5,8,,,
VM00234,2025-03-27,2025-03,3,LeBonCoin,False,Rennes,Peugeot,En cours,1,8,,,
VM00235,2025-03-27,2025-03,3,LaCentrale,False,Lyon,Citroën,RDV planifié,4,8,,,
VM00236,2025-03-28,2025-03,3,LeBonCoin,False,Bordeaux,Dacia,En cours,2,8,,,
VM00237,2025-03-28,2025-03,3,LeBonCoin,False,Marseille,Mercedes,RDV effectué,6,8,,,
VM00238,2025-03-28,2025-03,3,LeBonCoin,False,Marseille,Opel,RDV effectué,3,8,,,
VM00239,2025-03-28,2025-03,3,LaCentrale,False,Rennes,Opel,En cours,3,8,,,
VM00240,2025-03-28,2025-03,3,LaCentrale,False,Toulouse,BMW,NRP,1,8,,,
VM00241,2025-03-29,2025-03,3,LeBonCoin,False,Bordeaux,Ford,Perdu,14,8,,,
VM00242,2025-03-29,2025-03,3,LeBonCoin,False,Bordeaux,Dacia,Perdu,15,8,,,
VM00243,2025-03-29,2025-03,3,LaCentrale,False,Lyon,Renault,NRP,2,8,,,
VM00244,2025-03-29,2025-03,3,LaCentrale,False,Lille,Toyota,En cours,1,8,,,
VM00245,2025-03-29,2025-03,3,LaCentrale,False,Toulouse,Opel,En cours,2,8,,,
VM00246,2025-03-30,2025-03,3,LeBonCoin,False,Nantes,Citroën,En cours,2,8,,,
VM00247,2025-03-30,2025-03,3,LeBonCoin,False,Nice,Volkswagen,NRP,2,8,,,
VM00248,2025-03-31,2025-03,3,LeBonCoin,False,Nantes,Volkswagen,En cours,5,8,,,
VM00249,2025-04-01,2025-04,4,LeBonCoin,False,Rennes,BMW,En cours,3,8,,,
VM00250,2025-04-01,2025-04,4,LeBonCoin,False,Rennes,BMW,RDV planifié,7,8,,,
VM00251,2025-04-01,2025-04,4,LaCentrale,False,Bordeaux,Dacia,RDV planifié,2,8,,,
VM00252,2025-04-02,2025-04,4,LeBonCoin,False,Lille,Ford,Perdu,12,8,,,
VM00253,2025-04-02,2025-04,4,LeBonCoin,False,Lille,Volkswagen,RDV effectué,9,8,,,
VM00254,2025-04-02,2025-04,4,LeBonCoin,False,Bordeaux,Volkswagen,Perdu,10,8,,,
VM00255,2025-04-02,2025-04,4,LeBonCoin,False,Nice,BMW,En cours,3,8,,,
VM00256,2025-04-02,2025-04,4,LaCentrale,False,Lyon,Ford,Perdu,7,8,,,
VM00257,2025-04-03,2025-04,4,LeBonCoin,False,Lyon,Mercedes,En cours,5,8,,,
VM00258,2025-04-03,2025-04,4,LaCentrale,False,Toulouse,Mercedes,RDV effectué,6,8,,,
VM00259,2025-04-03,2025-04,4,LaCentrale,False,Toulouse,Mercedes,RDV effectué,5,8,,,
VM00260,2025-04-04,2025-04,4,LeBonCoin,False,Bordeaux,Renault,En cours,2,8,,,
VM00261,2025-04-05,2025-04,4,LeBonCoin,False,Lyon,Mercedes,En cours,4,8,,,
VM00262,2025-04-05,2025-04,4,LeBonCoin,False,Bordeaux,BMW,En cours,2,8,,,
VM00263,2025-04-07,2025-04,4,LeBonCoin,False,Nantes,Volkswagen,En cours,4,8,,,
VM00264,2025-04-07,2025-04,4,LeBonCoin,False,Marseille,Opel,NRP,3,8,,,
VM00265,2025-04-07,2025-04,4,LaCentrale,False,Nantes,BMW,RDV planifié,3,8,,,
VM00266,2025-04-08,2025-04,4,LeBonCoin,False,Marseille,Peugeot,Signé,9,8,9900.0,832.0,0.084
VM00267,2025-04-08,2025-04,4,LeBonCoin,False,Nantes,Volkswagen,En cours,1,8,,,
VM00268,2025-04-08,2025-04,4,LeBonCoin,False,Montpellier,Toyota,Signé,13,8,8900.0,819.0,0.092
VM00269,2025-04-08,2025-04,4,LaCentrale,False,Lyon,BMW,NRP,2,8,,,
VM00270,2025-04-09,2025-04,4,LeBonCoin,False,Marseille,BMW,RDV planifié,4,8,,,
VM00271,2025-04-09,2025-04,4,LeBonCoin,False,Marseille,Peugeot,RDV planifié,7,8,,,
VM00272,2025-04-09,2025-04,4,LaCentrale,False,Lyon,Mercedes,RDV planifié,4,8,,,
VM00273,2025-04-11,2025-04,4,LeBonCoin,False,Bordeaux,Dacia,Signé,10,8,7200.0,785.0,0.109
VM00274,2025-04-11,2025-04,4,LeBonCoin,False,Lyon,Renault,Signé,6,8,8800.0,607.0,0.069
VM00275,2025-04-12,2025-04,4,LeBonCoin,False,Bordeaux,Peugeot,En cours,4,8,,,
VM00276,2025-04-13,2025-04,4,LeBonCoin,False,Nantes,Ford,En cours,5,8,,,
VM00277,2025-04-14,2025-04,4,LeBonCoin,False,Strasbourg,Mercedes,En cours,5,8,,,
VM00278,2025-04-16,2025-04,4,LeBonCoin,False,Strasbourg,Peugeot,RDV effectué,4,8,,,
VM00279,2025-04-17,2025-04,4,LeBonCoin,False,Lyon,Toyota,Signé,11,8,7700.0,1047.0,0.136
VM00280,2025-04-17,2025-04,4,LeBonCoin,False,Toulouse,Toyota,NRP,2,8,,,
VM00281,2025-04-17,2025-04,4,LaCentrale,False,Marseille,Opel,NRP,3,8,,,
VM00282,2025-04-17,2025-04,4,LaCentrale,False,Toulouse,Peugeot,Signé,12,8,7400.0,681.0,0.092
VM00283,2025-04-18,2025-04,4,LeBonCoin,False,Bordeaux,Volkswagen,Perdu,10,8,,,
VM00284,2025-04-19,2025-04,4,LeBonCoin,False,Lyon,Renault,RDV planifié,5,8,,,
VM00285,2025-04-19,2025-04,4,LeBonCoin,False,Nantes,Mercedes,RDV effectué,5,8,,,
VM00286,2025-04-19,2025-04,4,LeBonCoin,False,Toulouse,Mercedes,NRP,3,8,,,
VM00287,2025-04-20,2025-04,4,LeBonCoin,False,Marseille,Citroën,NRP,1,8,,,
VM00288,2025-04-20,2025-04,4,LaCentrale,False,Lille,Citroën,RDV effectué,2,8,,,
VM00289,2025-04-20,2025-04,4,LaCentrale,False,Lille,Citroën,Perdu,11,8,,,
VM00290,2025-04-21,2025-04,4,LeBonCoin,False,Nantes,Renault,NRP,1,8,,,
VM00291,2025-04-21,2025-04,4,LeBonCoin,False,Nice,Toyota,En cours,2,8,,,
VM00292,2025-04-21,2025-04,4,LeBonCoin,False,Lyon,Citroën,NRP,2,8,,,
VM00293,2025-04-21,2025-04,4,LaCentrale,False,Bordeaux,Peugeot,RDV effectué,10,8,,,
VM00294,2025-04-22,2025-04,4,LeBonCoin,False,Montpellier,Mercedes,En cours,3,8,,,
VM00295,2025-04-22,2025-04,4,LaCentrale,False,Toulouse,Mercedes,NRP,3,8,,,
VM00296,2025-04-23,2025-04,4,LeBonCoin,False,Montpellier,BMW,NRP,3,8,,,
VM00297,2025-04-23,2025-04,4,LaCentrale,False,Lyon,Dacia,En cours,1,8,,,
VM00298,2025-04-24,2025-04,4,LeBonCoin,False,Rennes,Peugeot,Signé,8,8,8900.0,881.0,0.099
VM00299,2025-04-26,2025-04,4,LeBonCoin,False,Lille,Mercedes,Signé,7,8,8600.0,559.0,0.065
VM00300,2025-04-26,2025-04,4,LeBonCoin,False,Marseille,Ford,RDV planifié,5,8,,,
VM00301,2025-04-26,2025-04,4,LaCentrale,False,Lille,Dacia,Perdu,11,8,,,
VM00302,2025-04-27,2025-04,4,LaCentrale,False,Bordeaux,Peugeot,RDV planifié,4,8,,,
VM00303,2025-04-27,2025-04,4,LaCentrale,False,Toulouse,Ford,Signé,12,8,9600.0,998.0,0.104
VM00304,2025-04-28,2025-04,4,LeBonCoin,False,Strasbourg,Toyota,En cours,2,8,,,
VM00305,2025-04-28,2025-04,4,LeBonCoin,False,Strasbourg,Toyota,Signé,8,8,7700.0,524.0,0.068
VM00306,2025-04-28,2025-04,4,LeBonCoin,False,Nantes,Dacia,RDV planifié,3,8,,,
VM00307,2025-04-28,2025-04,4,LaCentrale,False,Bordeaux,Ford,NRP,1,8,,,
VM00308,2025-04-28,2025-04,4,GBP,True,Marseille,Citroën,NRP,3,0,,,
VM00309,2025-04-29,2025-04,4,LeBonCoin,False,Montpellier,Opel,RDV planifié,5,8,,,
VM00310,2025-04-29,2025-04,4,LaCentrale,False,Strasbourg,Toyota,En cours,1,8,,,
VM00311,2025-04-30,2025-04,4,LeBonCoin,False,Lyon,BMW,Signé,14,8,7700.0,1024.0,0.133
VM00312,2025-04-30,2025-04,4,LeBonCoin,False,Bordeaux,Mercedes,RDV planifié,3,8,,,
VM00313,2025-04-30,2025-04,4,LeBonCoin,False,Rennes,Volkswagen,RDV planifié,2,8,,,
VM00314,2025-04-30,2025-04,4,LeBonCoin,False,Lille,Mercedes,Signé,7,8,9500.0,846.0,0.089
VM00315,2025-04-30,2025-04,4,LaCentrale,False,Montpellier,Mercedes,En cours,4,8,,,
VM00316,2025-05-01,2025-05,5,LeBonCoin,False,Montpellier,Renault,RDV planifié,6,8,,,
VM00317,2025-05-01,2025-05,5,LeBonCoin,False,Lille,Renault,RDV planifié,6,8,,,
VM00318,2025-05-02,2025-05,5,LeBonCoin,False,Lille,Toyota,NRP,3,8,,,
VM00319,2025-05-02,2025-05,5,LeBonCoin,False,Nantes,Mercedes,En cours,2,8,,,
VM00320,2025-05-02,2025-05,5,LeBonCoin,False,Nantes,Renault,RDV planifié,1,8,,,
VM00321,2025-05-03,2025-05,5,LeBonCoin,False,Toulouse,Ford,NRP,3,8,,,
VM00322,2025-05-03,2025-05,5,LeBonCoin,False,Nantes,Toyota,En cours,3,8,,,
VM00323,2025-05-03,2025-05,5,LeBonCoin,False,Nice,Mercedes,En cours,3,8,,,
VM00324,2025-05-03,2025-05,5,LeBonCoin,False,Nantes,Citroën,NRP,1,8,,,
VM00325,2025-05-03,2025-05,5,LeBonCoin,False,Bordeaux,BMW,RDV effectué,2,8,,,
VM00326,2025-05-03,2025-05,5,LaCentrale,False,Rennes,Mercedes,En cours,4,8,,,
VM00327,2025-05-03,2025-05,5,Facebook,True,Toulouse,Opel,RDV planifié,3,0,,,
VM00328,2025-05-04,2025-05,5,LeBonCoin,False,Bordeaux,BMW,NRP,2,8,,,
VM00329,2025-05-05,2025-05,5,GBP,True,Montpellier,BMW,RDV effectué,9,0,,,
VM00330,2025-05-06,2025-05,5,LeBonCoin,False,Nice,Renault,NRP,2,8,,,
VM00331,2025-05-06,2025-05,5,LeBonCoin,False,Toulouse,Citroën,NRP,2,8,,,
VM00332,2025-05-06,2025-05,5,LaCentrale,False,Marseille,Peugeot,RDV effectué,6,8,,,
VM00333,2025-05-07,2025-05,5,LeBonCoin,False,Strasbourg,Citroën,NRP,3,8,,,
VM00334,2025-05-07,2025-05,5,LeBonCoin,False,Toulouse,Opel,NRP,3,8,,,
VM00335,2025-05-07,2025-05,5,LeBonCoin,False,Marseille,Peugeot,RDV planifié,6,8,,,
VM00336,2025-05-07,2025-05,5,LaCentrale,False,Strasbourg,Renault,En cours,1,8,,,
VM00337,2025-05-08,2025-05,5,LeBonCoin,False,Marseille,Mercedes,En cours,1,8,,,
VM00338,2025-05-08,2025-05,5,LeBonCoin,False,Strasbourg,BMW,En cours,4,8,,,
VM00339,2025-05-08,2025-05,5,LaCentrale,False,Marseille,Citroën,NRP,1,8,,,
VM00340,2025-05-08,2025-05,5,LaCentrale,False,Marseille,Peugeot,RDV effectué,9,8,,,
VM00341,2025-05-08,2025-05,5,LaCentrale,False,Toulouse,Ford,En cours,1,8,,,
VM00342,2025-05-08,2025-05,5,LaCentrale,False,Bordeaux,Ford,RDV planifié,5,8,,,
VM00343,2025-05-09,2025-05,5,LeBonCoin,False,Nantes,Peugeot,Signé,13,8,7300.0,635.0,0.087
VM00344,2025-05-09,2025-05,5,LeBonCoin,False,Montpellier,Opel,RDV planifié,1,8,,,
VM00345,2025-05-09,2025-05,5,LaCentrale,False,Marseille,Citroën,NRP,2,8,,,
VM00346,2025-05-10,2025-05,5,LaCentrale,False,Lille,Volkswagen,En cours,2,8,,,
VM00347,2025-05-10,2025-05,5,LaCentrale,False,Bordeaux,Citroën,NRP,1,8,,,
VM00348,2025-05-10,2025-05,5,LaCentrale,False,Rennes,Dacia,Perdu,13,8,,,
VM00349,2025-05-10,2025-05,5,LaCentrale,False,Nice,Mercedes,RDV effectué,9,8,,,
VM00350,2025-05-11,2025-05,5,LeBonCoin,False,Nantes,Dacia,En cours,3,8,,,
VM00351,2025-05-11,2025-05,5,LeBonCoin,False,Lille,BMW,NRP,2,8,,,
VM00352,2025-05-12,2025-05,5,LeBonCoin,False,Montpellier,Peugeot,RDV planifié,3,8,,,
VM00353,2025-05-12,2025-05,5,LeBonCoin,False,Lyon,Renault,En cours,4,8,,,
VM00354,2025-05-12,2025-05,5,LaCentrale,False,Bordeaux,Peugeot,En cours,3,8,,,
VM00355,2025-05-13,2025-05,5,LeBonCoin,False,Strasbourg,Dacia,RDV planifié,5,8,,,
VM00356,2025-05-13,2025-05,5,LeBonCoin,False,Lyon,Dacia,RDV planifié,7,8,,,
VM00357,2025-05-13,2025-05,5,LeBonCoin,False,Rennes,Opel,Signé,11,8,8800.0,757.0,0.086
VM00358,2025-05-13,2025-05,5,LeBonCoin,False,Rennes,Peugeot,NRP,1,8,,,
VM00359,2025-05-13,2025-05,5,LeBonCoin,False,Bordeaux,Opel,RDV effectué,7,8,,,
VM00360,2025-05-13,2025-05,5,LeBonCoin,False,Toulouse,Dacia,RDV planifié,1,8,,,
VM00361,2025-05-13,2025-05,5,LaCentrale,False,Montpellier,Mercedes,Perdu,11,8,,,
VM00362,2025-05-13,2025-05,5,LaCentrale,False,Lille,Ford,NRP,2,8,,,
VM00363,2025-05-14,2025-05,5,LeBonCoin,False,Nice,Renault,En cours,3,8,,,
VM00364,2025-05-15,2025-05,5,LeBonCoin,False,Bordeaux,Toyota,RDV effectué,7,8,,,
VM00365,2025-05-15,2025-05,5,Facebook,True,Strasbourg,BMW,NRP,3,0,,,
VM00366,2025-05-16,2025-05,5,LeBonCoin,False,Nantes,Toyota,En cours,5,8,,,
VM00367,2025-05-16,2025-05,5,LeBonCoin,False,Nantes,Toyota,NRP,3,8,,,
VM00368,2025-05-16,2025-05,5,LaCentrale,False,Nantes,Mercedes,En cours,4,8,,,
VM00369,2025-05-16,2025-05,5,LaCentrale,False,Lille,Opel,RDV effectué,3,8,,,
VM00370,2025-05-16,2025-05,5,LaCentrale,False,Nantes,Opel,En cours,3,8,,,
VM00371,2025-05-17,2025-05,5,LeBonCoin,False,Strasbourg,Opel,NRP,3,8,,,
VM00372,2025-05-18,2025-05,5,LeBonCoin,False,Lille,Citroën,En cours,3,8,,,
VM00373,2025-05-18,2025-05,5,LaCentrale,False,Rennes,Volkswagen,Perdu,8,8,,,
VM00374,2025-05-18,2025-05,5,LaCentrale,False,Nantes,Peugeot,En cours,2,8,,,
VM00375,2025-05-18,2025-05,5,LaCentrale,False,Montpellier,Opel,En cours,1,8,,,
VM00376,2025-05-18,2025-05,5,LaCentrale,False,Nice,Citroën,Signé,10,8,4800.0,418.0,0.087
VM00377,2025-05-19,2025-05,5,LeBonCoin,False,Nantes,Citroën,RDV planifié,2,8,,,
VM00378,2025-05-19,2025-05,5,LeBonCoin,False,Rennes,Renault,Signé,14,8,8700.0,1148.0,0.132
VM00379,2025-05-19,2025-05,5,LeBonCoin,False,Rennes,Mercedes,En cours,2,8,,,
VM00380,2025-05-19,2025-05,5,GBP,True,Toulouse,Opel,En cours,4,0,,,
VM00381,2025-05-20,2025-05,5,LeBonCoin,False,Toulouse,Toyota,En cours,4,8,,,
VM00382,2025-05-21,2025-05,5,LaCentrale,False,Rennes,Dacia,RDV planifié,5,8,,,
VM00383,2025-05-21,2025-05,5,LaCentrale,False,Montpellier,Opel,RDV effectué,8,8,,,
VM00384,2025-05-21,2025-05,5,Partenariat,True,Toulouse,Mercedes,RDV planifié,2,0,,,
VM00385,2025-05-22,2025-05,5,LeBonCoin,False,Lyon,Dacia,NRP,2,8,,,
VM00386,2025-05-22,2025-05,5,LeBonCoin,False,Montpellier,Peugeot,Signé,10,8,9800.0,1147.0,0.117
VM00387,2025-05-23,2025-05,5,LeBonCoin,False,Lille,Dacia,En cours,2,8,,,
VM00388,2025-05-23,2025-05,5,LeBonCoin,False,Toulouse,Dacia,Signé,4,8,9400.0,630.0,0.067
VM00389,2025-05-23,2025-05,5,LaCentrale,False,Marseille,Volkswagen,Signé,2,8,7700.0,708.0,0.092
VM00390,2025-05-23,2025-05,5,LaCentrale,False,Marseille,Volkswagen,En cours,1,8,,,
VM00391,2025-05-23,2025-05,5,LaCentrale,False,Marseille,Citroën,NRP,1,8,,,
VM00392,2025-05-24,2025-05,5,LeBonCoin,False,Rennes,Citroën,NRP,2,8,,,
VM00393,2025-05-24,2025-05,5,LeBonCoin,False,Rennes,Mercedes,RDV effectué,9,8,,,
VM00394,2025-05-24,2025-05,5,LeBonCoin,False,Lyon,BMW,NRP,1,8,,,
VM00395,2025-05-25,2025-05,5,LaCentrale,False,Montpellier,Mercedes,NRP,1,8,,,
VM00396,2025-05-26,2025-05,5,LaCentrale,False,Lille,Volkswagen,RDV planifié,1,8,,,
VM00397,2025-05-27,2025-05,5,LeBonCoin,False,Toulouse,Ford,En cours,1,8,,,
VM00398,2025-05-27,2025-05,5,LaCentrale,False,Rennes,Peugeot,RDV planifié,5,8,,,
VM00399,2025-05-27,2025-05,5,Facebook,True,Nice,Opel,NRP,2,0,,,
VM00400,2025-05-28,2025-05,5,LeBonCoin,False,Nice,Volkswagen,NRP,3,8,,,
VM00401,2025-05-28,2025-05,5,LeBonCoin,False,Strasbourg,Renault,RDV effectué,6,8,,,
VM00402,2025-05-29,2025-05,5,LaCentrale,False,Nice,Ford,RDV planifié,2,8,,,
VM00403,2025-05-31,2025-05,5,LaCentrale,False,Bordeaux,Opel,NRP,3,8,,,
VM00404,2025-06-01,2025-06,6,LeBonCoin,False,Montpellier,Opel,Perdu,4,8,,,
VM00405,2025-06-01,2025-06,6,LaCentrale,False,Montpellier,Renault,RDV planifié,5,8,,,
VM00406,2025-06-01,2025-06,6,LaCentrale,False,Lyon,Ford,En cours,4,8,,,
VM00407,2025-06-01,2025-06,6,LaCentrale,False,Lyon,Toyota,Perdu,7,8,,,
VM00408,2025-06-02,2025-06,6,Partenariat,True,Bordeaux,Mercedes,Signé,6,0,6700.0,757.0,0.113
VM00409,2025-06-03,2025-06,6,LaCentrale,False,Nantes,Renault,RDV effectué,7,8,,,
VM00410,2025-06-03,2025-06,6,LaCentrale,False,Nantes,Dacia,En cours,3,8,,,
VM00411,2025-06-03,2025-06,6,Partenariat,True,Nantes,Citroën,Perdu,10,0,,,
VM00412,2025-06-03,2025-06,6,Partenariat,True,Lyon,BMW,NRP,2,0,,,
VM00413,2025-06-04,2025-06,6,LeBonCoin,False,Lyon,Toyota,NRP,1,8,,,
VM00414,2025-06-05,2025-06,6,LeBonCoin,False,Strasbourg,Opel,Perdu,11,8,,,
VM00415,2025-06-05,2025-06,6,LeBonCoin,False,Toulouse,BMW,En cours,1,8,,,
VM00416,2025-06-05,2025-06,6,LeBonCoin,False,Marseille,BMW,En cours,1,8,,,
VM00417,2025-06-05,2025-06,6,GBP,True,Strasbourg,Ford,En cours,3,0,,,
VM00418,2025-06-06,2025-06,6,LeBonCoin,False,Marseille,Citroën,RDV effectué,8,8,,,
VM00419,2025-06-06,2025-06,6,LeBonCoin,False,Marseille,Opel,En cours,4,8,,,
VM00420,2025-06-06,2025-06,6,LeBonCoin,False,Strasbourg,Peugeot,En cours,1,8,,,
VM00421,2025-06-06,2025-06,6,LeBonCoin,False,Montpellier,BMW,En cours,2,8,,,
VM00422,2025-06-07,2025-06,6,LeBonCoin,False,Marseille,BMW,En cours,1,8,,,
VM00423,2025-06-07,2025-06,6,LeBonCoin,False,Strasbourg,Citroën,En cours,5,8,,,
VM00424,2025-06-07,2025-06,6,LaCentrale,False,Rennes,Renault,RDV effectué,7,8,,,
VM00425,2025-06-07,2025-06,6,LaCentrale,False,Nice,Ford,RDV effectué,7,8,,,
VM00426,2025-06-07,2025-06,6,Facebook,True,Bordeaux,Ford,En cours,1,0,,,
VM00427,2025-06-08,2025-06,6,LeBonCoin,False,Lyon,Citroën,En cours,2,8,,,
VM00428,2025-06-08,2025-06,6,LeBonCoin,False,Bordeaux,Volkswagen,Signé,12,8,9300.0,586.0,0.063
VM00429,2025-06-08,2025-06,6,LaCentrale,False,Marseille,Ford,RDV effectué,7,8,,,
VM00430,2025-06-08,2025-06,6,Partenariat,True,Nice,Citroën,Perdu,3,0,,,
VM00431,2025-06-09,2025-06,6,LeBonCoin,False,Marseille,Dacia,RDV planifié,3,8,,,
VM00432,2025-06-09,2025-06,6,LeBonCoin,False,Montpellier,Toyota,RDV effectué,4,8,,,
VM00433,2025-06-09,2025-06,6,GBP,True,Lille,Volkswagen,RDV planifié,6,0,,,
VM00434,2025-06-10,2025-06,6,LeBonCoin,False,Nantes,Dacia,Perdu,3,8,,,
VM00435,2025-06-10,2025-06,6,LaCentrale,False,Bordeaux,BMW,RDV planifié,5,8,,,
VM00436,2025-06-12,2025-06,6,LeBonCoin,False,Toulouse,Mercedes,RDV effectué,9,8,,,
VM00437,2025-06-12,2025-06,6,LeBonCoin,False,Toulouse,Peugeot,En cours,4,8,,,
VM00438,2025-06-12,2025-06,6,LeBonCoin,False,Rennes,Citroën,NRP,1,8,,,
VM00439,2025-06-14,2025-06,6,GBP,True,Marseille,Toyota,Signé,8,0,10000.0,1250.0,0.125
VM00440,2025-06-15,2025-06,6,LeBonCoin,False,Montpellier,BMW,RDV effectué,10,8,,,
VM00441,2025-06-15,2025-06,6,LeBonCoin,False,Nantes,Toyota,Signé,4,8,9000.0,1206.0,0.134
VM00442,2025-06-15,2025-06,6,LeBonCoin,False,Toulouse,Citroën,RDV planifié,1,8,,,
VM00443,2025-06-15,2025-06,6,LaCentrale,False,Lyon,Toyota,En cours,4,8,,,
VM00444,2025-06-16,2025-06,6,LeBonCoin,False,Rennes,Opel,RDV planifié,3,8,,,
VM00445,2025-06-16,2025-06,6,LeBonCoin,False,Bordeaux,BMW,NRP,1,8,,,
VM00446,2025-06-16,2025-06,6,LaCentrale,False,Montpellier,Ford,En cours,4,8,,,
VM00447,2025-06-17,2025-06,6,LeBonCoin,False,Nantes,Toyota,RDV effectué,3,8,,,
VM00448,2025-06-17,2025-06,6,LeBonCoin,False,Rennes,Opel,RDV planifié,4,8,,,
VM00449,2025-06-17,2025-06,6,LeBonCoin,False,Nice,Citroën,En cours,5,8,,,
VM00450,2025-06-17,2025-06,6,LeBonCoin,False,Strasbourg,Opel,RDV effectué,4,8,,,
VM00451,2025-06-17,2025-06,6,LaCentrale,False,Lille,Citroën,Signé,2,8,9400.0,949.0,0.101
VM00452,2025-06-18,2025-06,6,LeBonCoin,False,Toulouse,Toyota,NRP,3,8,,,
VM00453,2025-06-18,2025-06,6,LeBonCoin,False,Lille,Peugeot,Perdu,11,8,,,
VM00454,2025-06-18,2025-06,6,Facebook,True,Lille,Citroën,En cours,5,0,,,
VM00455,2025-06-19,2025-06,6,LeBonCoin,False,Montpellier,Peugeot,RDV planifié,5,8,,,
VM00456,2025-06-19,2025-06,6,LeBonCoin,False,Nice,Mercedes,RDV planifié,2,8,,,
VM00457,2025-06-19,2025-06,6,LeBonCoin,False,Nice,Mercedes,NRP,3,8,,,
VM00458,2025-06-19,2025-06,6,LeBonCoin,False,Lyon,Renault,En cours,5,8,,,
VM00459,2025-06-19,2025-06,6,LeBonCoin,False,Nice,BMW,NRP,3,8,,,
VM00460,2025-06-20,2025-06,6,LeBonCoin,False,Nice,Ford,RDV planifié,7,8,,,
VM00461,2025-06-20,2025-06,6,LeBonCoin,False,Rennes,Opel,RDV planifié,1,8,,,
VM00462,2025-06-20,2025-06,6,LaCentrale,False,Rennes,Volkswagen,En cours,3,8,,,
VM00463,2025-06-21,2025-06,6,LeBonCoin,False,Lille,Dacia,RDV effectué,8,8,,,
VM00464,2025-06-22,2025-06,6,LeBonCoin,False,Nantes,Dacia,NRP,1,8,,,
VM00465,2025-06-22,2025-06,6,LeBonCoin,False,Toulouse,Toyota,En cours,4,8,,,
VM00466,2025-06-22,2025-06,6,LeBonCoin,False,Marseille,Toyota,RDV planifié,3,8,,,
VM00467,2025-06-22,2025-06,6,LaCentrale,False,Marseille,Opel,Perdu,5,8,,,
VM00468,2025-06-22,2025-06,6,LaCentrale,False,Toulouse,Dacia,RDV planifié,3,8,,,
VM00469,2025-06-23,2025-06,6,LeBonCoin,False,Toulouse,Citroën,NRP,2,8,,,
VM00470,2025-06-23,2025-06,6,LeBonCoin,False,Strasbourg,Mercedes,NRP,2,8,,,
VM00471,2025-06-23,2025-06,6,LeBonCoin,False,Marseille,Mercedes,En cours,2,8,,,
VM00472,2025-06-23,2025-06,6,LaCentrale,False,Nantes,Dacia,RDV effectué,5,8,,,
VM00473,2025-06-23,2025-06,6,LaCentrale,False,Rennes,BMW,Perdu,10,8,,,
VM00474,2025-06-23,2025-06,6,LaCentrale,False,Strasbourg,Opel,En cours,1,8,,,
VM00475,2025-06-24,2025-06,6,LeBonCoin,False,Toulouse,Mercedes,En cours,2,8,,,
VM00476,2025-06-24,2025-06,6,LeBonCoin,False,Lille,Dacia,En cours,1,8,,,
VM00477,2025-06-24,2025-06,6,LaCentrale,False,Rennes,BMW,RDV planifié,7,8,,,
VM00478,2025-06-25,2025-06,6,LeBonCoin,False,Bordeaux,Ford,RDV planifié,7,8,,,
VM00479,2025-06-25,2025-06,6,LeBonCoin,False,Marseille,Ford,NRP,2,8,,,
VM00480,2025-06-27,2025-06,6,LaCentrale,False,Lyon,Mercedes,En cours,4,8,,,
VM00481,2025-06-27,2025-06,6,GBP,True,Montpellier,BMW,RDV effectué,7,0,,,
VM00482,2025-06-28,2025-06,6,LeBonCoin,False,Rennes,Opel,NRP,3,8,,,
VM00483,2025-06-28,2025-06,6,LeBonCoin,False,Nice,Peugeot,En cours,5,8,,,
VM00484,2025-06-28,2025-06,6,LeBonCoin,False,Strasbourg,Toyota,NRP,1,8,,,
VM00485,2025-06-28,2025-06,6,LeBonCoin,False,Montpellier,Toyota,RDV effectué,7,8,,,
VM00486,2025-06-28,2025-06,6,LeBonCoin,False,Nice,Opel,RDV effectué,5,8,,,
VM00487,2025-06-29,2025-06,6,LeBonCoin,False,Lyon,Renault,En cours,1,8,,,
VM00488,2025-06-29,2025-06,6,LaCentrale,False,Rennes,Opel,NRP,2,8,,,
VM00489,2025-06-30,2025-06,6,LeBonCoin,False,Montpellier,Citroën,En cours,5,8,,,
VM00490,2025-06-30,2025-06,6,LeBonCoin,False,Marseille,Citroën,En cours,5,8,,,
VM00491,2025-07-01,2025-07,7,LaCentrale,False,Lille,Mercedes,En cours,5,8,,,
VM00492,2025-07-02,2025-07,7,LeBonCoin,False,Montpellier,Dacia,En cours,5,8,,,
VM00493,2025-07-02,2025-07,7,LeBonCoin,False,Rennes,Renault,RDV effectué,6,8,,,
VM00494,2025-07-02,2025-07,7,LaCentrale,False,Strasbourg,Mercedes,En cours,1,8,,,
VM00495,2025-07-02,2025-07,7,Partenariat,True,Nice,Dacia,En cours,1,0,,,
VM00496,2025-07-03,2025-07,7,LaCentrale,False,Nice,Volkswagen,En cours,5,8,,,
VM00497,2025-07-03,2025-07,7,LaCentrale,False,Nantes,Opel,RDV effectué,9,8,,,
VM00498,2025-07-04,2025-07,7,LeBonCoin,False,Strasbourg,Citroën,RDV planifié,5,8,,,
VM00499,2025-07-05,2025-07,7,LeBonCoin,False,Bordeaux,Volkswagen,Signé,5,8,4700.0,639.0,0.136
VM00500,2025-07-05,2025-07,7,LaCentrale,False,Strasbourg,Citroën,NRP,2,8,,,
VM00501,2025-07-05,2025-07,7,LaCentrale,False,Strasbourg,Opel,En cours,2,8,,,
VM00502,2025-07-05,2025-07,7,Partenariat,True,Lyon,Citroën,Signé,8,0,9600.0,1142.0,0.119
VM00503,2025-07-06,2025-07,7,LeBonCoin,False,Marseille,Dacia,RDV planifié,5,8,,,
VM00504,2025-07-06,2025-07,7,LeBonCoin,False,Nantes,Dacia,RDV planifié,3,8,,,
VM00505,2025-07-06,2025-07,7,LeBonCoin,False,Lille,Mercedes,Signé,7,8,8300.0,946.0,0.114
VM00506,2025-07-06,2025-07,7,LaCentrale,False,Lille,Opel,En cours,2,8,,,
VM00507,2025-07-06,2025-07,7,LaCentrale,False,Lille,Volkswagen,En cours,3,8,,,
VM00508,2025-07-07,2025-07,7,LeBonCoin,False,Marseille,Dacia,RDV effectué,9,8,,,
VM00509,2025-07-07,2025-07,7,LeBonCoin,False,Lille,Peugeot,En cours,3,8,,,
VM00510,2025-07-07,2025-07,7,LaCentrale,False,Strasbourg,Ford,RDV planifié,5,8,,,
VM00511,2025-07-07,2025-07,7,LaCentrale,False,Lille,Renault,RDV effectué,4,8,,,
VM00512,2025-07-07,2025-07,7,LaCentrale,False,Marseille,Dacia,En cours,1,8,,,
VM00513,2025-07-07,2025-07,7,Formulaire,True,Toulouse,Volkswagen,RDV effectué,9,5,,,
VM00514,2025-07-08,2025-07,7,LeBonCoin,False,Nantes,Peugeot,Signé,6,8,9800.0,1137.0,0.116
VM00515,2025-07-08,2025-07,7,LeBonCoin,False,Toulouse,Volkswagen,RDV planifié,5,8,,,
VM00516,2025-07-08,2025-07,7,LeBonCoin,False,Toulouse,Volkswagen,NRP,3,8,,,
VM00517,2025-07-08,2025-07,7,LaCentrale,False,Marseille,Dacia,NRP,2,8,,,
VM00518,2025-07-09,2025-07,7,LeBonCoin,False,Lyon,Opel,NRP,1,8,,,
VM00519,2025-07-09,2025-07,7,Facebook,True,Strasbourg,Dacia,Perdu,5,0,,,
VM00520,2025-07-10,2025-07,7,LeBonCoin,False,Lille,Toyota,En cours,2,8,,,
VM00521,2025-07-10,2025-07,7,LeBonCoin,False,Bordeaux,Mercedes,En cours,1,8,,,
VM00522,2025-07-10,2025-07,7,LaCentrale,False,Nantes,Ford,En cours,1,8,,,
VM00523,2025-07-10,2025-07,7,LaCentrale,False,Strasbourg,Dacia,Signé,4,8,9800.0,617.0,0.063
VM00524,2025-07-10,2025-07,7,LaCentrale,False,Lille,Renault,NRP,3,8,,,
VM00525,2025-07-10,2025-07,7,Facebook,True,Nice,Peugeot,NRP,3,0,,,
VM00526,2025-07-11,2025-07,7,LeBonCoin,False,Lille,Dacia,Perdu,8,8,,,
VM00527,2025-07-11,2025-07,7,LeBonCoin,False,Montpellier,Dacia,Perdu,11,8,,,
VM00528,2025-07-11,2025-07,7,LeBonCoin,False,Toulouse,Peugeot,Signé,4,8,9500.0,922.0,0.097
VM00529,2025-07-11,2025-07,7,LeBonCoin,False,Lille,Citroën,En cours,4,8,,,
VM00530,2025-07-12,2025-07,7,LeBonCoin,False,Lille,Mercedes,NRP,2,8,,,
VM00531,2025-07-12,2025-07,7,LeBonCoin,False,Nantes,Mercedes,RDV planifié,2,8,,,
VM00532,2025-07-12,2025-07,7,LeBonCoin,False,Bordeaux,Ford,Signé,8,8,9400.0,949.0,0.101
VM00533,2025-07-12,2025-07,7,LaCentrale,False,Nantes,Dacia,RDV planifié,2,8,,,
VM00534,2025-07-12,2025-07,7,LaCentrale,False,Lyon,BMW,En cours,2,8,,,
VM00535,2025-07-13,2025-07,7,LeBonCoin,False,Lille,Toyota,En cours,4,8,,,
VM00536,2025-07-13,2025-07,7,Partenariat,True,Lyon,BMW,En cours,5,0,,,
VM00537,2025-07-14,2025-07,7,LeBonCoin,False,Toulouse,Renault,RDV planifié,6,8,,,
VM00538,2025-07-14,2025-07,7,LeBonCoin,False,Lille,Citroën,RDV planifié,4,8,,,
VM00539,2025-07-14,2025-07,7,LaCentrale,False,Lille,Peugeot,En cours,5,8,,,
VM00540,2025-07-15,2025-07,7,LeBonCoin,False,Marseille,Mercedes,RDV planifié,3,8,,,
VM00541,2025-07-15,2025-07,7,Partenariat,True,Rennes,Citroën,En cours,2,0,,,
VM00542,2025-07-16,2025-07,7,LeBonCoin,False,Marseille,Ford,En cours,5,8,,,
VM00543,2025-07-16,2025-07,7,LeBonCoin,False,Montpellier,Volkswagen,RDV effectué,9,8,,,
VM00544,2025-07-17,2025-07,7,LaCentrale,False,Montpellier,Dacia,RDV effectué,3,8,,,
VM00545,2025-07-17,2025-07,7,LaCentrale,False,Bordeaux,Mercedes,RDV planifié,3,8,,,
VM00546,2025-07-17,2025-07,7,LaCentrale,False,Montpellier,Volkswagen,NRP,3,8,,,
VM00547,2025-07-18,2025-07,7,LaCentrale,False,Nantes,Toyota,RDV planifié,2,8,,,
VM00548,2025-07-19,2025-07,7,LeBonCoin,False,Nice,Dacia,Signé,9,8,5700.0,433.0,0.076
VM00549,2025-07-19,2025-07,7,LeBonCoin,False,Rennes,Renault,NRP,3,8,,,
VM00550,2025-07-19,2025-07,7,LaCentrale,False,Strasbourg,Dacia,En cours,5,8,,,
VM00551,2025-07-20,2025-07,7,LeBonCoin,False,Rennes,BMW,RDV planifié,5,8,,,
VM00552,2025-07-20,2025-07,7,Facebook,True,Toulouse,Mercedes,Signé,7,0,6800.0,408.0,0.06
VM00553,2025-07-21,2025-07,7,LaCentrale,False,Marseille,Peugeot,NRP,2,8,,,
VM00554,2025-07-22,2025-07,7,LeBonCoin,False,Bordeaux,Dacia,RDV planifié,1,8,,,
VM00555,2025-07-22,2025-07,7,LeBonCoin,False,Nantes,Citroën,NRP,2,8,,,
VM00556,2025-07-23,2025-07,7,LeBonCoin,False,Marseille,Ford,RDV effectué,8,8,,,
VM00557,2025-07-23,2025-07,7,LeBonCoin,False,Strasbourg,Peugeot,En cours,4,8,,,
VM00558,2025-07-23,2025-07,7,LeBonCoin,False,Nantes,Toyota,RDV effectué,10,8,,,
VM00559,2025-07-23,2025-07,7,LaCentrale,False,Strasbourg,Opel,NRP,3,8,,,
VM00560,2025-07-24,2025-07,7,LeBonCoin,False,Lyon,Renault,NRP,1,8,,,
VM00561,2025-07-24,2025-07,7,LeBonCoin,False,Montpellier,Ford,Perdu,10,8,,,
VM00562,2025-07-24,2025-07,7,LeBonCoin,False,Toulouse,Volkswagen,RDV planifié,7,8,,,
VM00563,2025-07-24,2025-07,7,LeBonCoin,False,Lille,Volkswagen,En cours,2,8,,,
VM00564,2025-07-25,2025-07,7,LeBonCoin,False,Bordeaux,Renault,Perdu,14,8,,,
VM00565,2025-07-26,2025-07,7,LeBonCoin,False,Nice,Renault,RDV effectué,8,8,,,
VM00566,2025-07-26,2025-07,7,LeBonCoin,False,Bordeaux,Mercedes,En cours,1,8,,,
VM00567,2025-07-26,2025-07,7,LeBonCoin,False,Lyon,Volkswagen,NRP,3,8,,,
VM00568,2025-07-27,2025-07,7,LaCentrale,False,Rennes,Volkswagen,RDV effectué,8,8,,,
VM00569,2025-07-27,2025-07,7,LaCentrale,False,Lyon,Citroën,RDV planifié,7,8,,,
VM00570,2025-07-27,2025-07,7,Formulaire,True,Toulouse,Mercedes,RDV planifié,3,5,,,
VM00571,2025-07-28,2025-07,7,LeBonCoin,False,Marseille,Volkswagen,En cours,5,8,,,
VM00572,2025-07-28,2025-07,7,LeBonCoin,False,Montpellier,Volkswagen,En cours,2,8,,,
VM00573,2025-07-29,2025-07,7,LaCentrale,False,Lyon,Opel,En cours,3,8,,,
VM00574,2025-07-29,2025-07,7,LaCentrale,False,Nantes,Ford,Perdu,14,8,,,
VM00575,2025-07-29,2025-07,7,GBP,True,Marseille,Ford,RDV effectué,2,0,,,
VM00576,2025-07-30,2025-07,7,LeBonCoin,False,Strasbourg,Ford,RDV effectué,7,8,,,
VM00577,2025-07-30,2025-07,7,GBP,True,Nantes,Opel,En cours,4,0,,,
VM00578,2025-07-31,2025-07,7,LeBonCoin,False,Lille,Citroën,En cours,2,8,,,
VM00579,2025-07-31,2025-07,7,LeBonCoin,False,Montpellier,Ford,RDV effectué,2,8,,,
VM00580,2025-07-31,2025-07,7,Facebook,True,Montpellier,Citroën,Perdu,11,0,,,
VM00581,2025-08-01,2025-08,8,LeBonCoin,False,Toulouse,Toyota,En cours,3,8,,,
VM00582,2025-08-01,2025-08,8,LeBonCoin,False,Marseille,Peugeot,RDV planifié,4,8,,,
VM00583,2025-08-01,2025-08,8,LeBonCoin,False,Toulouse,Renault,RDV planifié,7,8,,,
VM00584,2025-08-01,2025-08,8,LaCentrale,False,Nice,Renault,En cours,5,8,,,
VM00585,2025-08-02,2025-08,8,LaCentrale,False,Montpellier,Volkswagen,Signé,5,8,9300.0,995.0,0.107
VM00586,2025-08-02,2025-08,8,LaCentrale,False,Lille,Renault,En cours,3,8,,,
VM00587,2025-08-02,2025-08,8,LaCentrale,False,Bordeaux,Dacia,NRP,1,8,,,
VM00588,2025-08-03,2025-08,8,LeBonCoin,False,Toulouse,Opel,Signé,13,8,8600.0,654.0,0.076
VM00589,2025-08-03,2025-08,8,LaCentrale,False,Strasbourg,Dacia,En cours,3,8,,,
VM00590,2025-08-03,2025-08,8,LaCentrale,False,Lille,BMW,RDV planifié,3,8,,,
VM00591,2025-08-04,2025-08,8,LeBonCoin,False,Rennes,Peugeot,En cours,4,8,,,
VM00592,2025-08-04,2025-08,8,LeBonCoin,False,Marseille,Volkswagen,RDV effectué,9,8,,,
VM00593,2025-08-04,2025-08,8,LeBonCoin,False,Lyon,Mercedes,En cours,4,8,,,
VM00594,2025-08-04,2025-08,8,LeBonCoin,False,Nice,Mercedes,Signé,13,8,6000.0,486.0,0.081
VM00595,2025-08-04,2025-08,8,LaCentrale,False,Nantes,Volkswagen,RDV effectué,6,8,,,
VM00596,2025-08-04,2025-08,8,Formulaire,True,Nice,Volkswagen,En cours,4,5,,,
VM00597,2025-08-05,2025-08,8,LeBonCoin,False,Lille,Dacia,En cours,3,8,,,
VM00598,2025-08-05,2025-08,8,LaCentrale,False,Rennes,Dacia,Perdu,13,8,,,
VM00599,2025-08-06,2025-08,8,LeBonCoin,False,Nantes,Citroën,NRP,2,8,,,
VM00600,2025-08-06,2025-08,8,LaCentrale,False,Nantes,Opel,RDV effectué,9,8,,,
VM00601,2025-08-07,2025-08,8,LeBonCoin,False,Montpellier,Renault,Perdu,3,8,,,
VM00602,2025-08-07,2025-08,8,Facebook,True,Lyon,Ford,Signé,2,0,9800.0,1107.0,0.113
VM00603,2025-08-08,2025-08,8,LeBonCoin,False,Toulouse,Peugeot,NRP,3,8,,,
VM00604,2025-08-08,2025-08,8,LeBonCoin,False,Toulouse,Opel,RDV effectué,2,8,,,
VM00605,2025-08-08,2025-08,8,LeBonCoin,False,Nice,Mercedes,En cours,1,8,,,
VM00606,2025-08-08,2025-08,8,LaCentrale,False,Montpellier,Ford,Signé,12,8,8100.0,494.0,0.061
VM00607,2025-08-09,2025-08,8,LeBonCoin,False,Lille,Opel,NRP,3,8,,,
VM00608,2025-08-09,2025-08,8,LeBonCoin,False,Montpellier,Ford,Perdu,3,8,,,
VM00609,2025-08-10,2025-08,8,LeBonCoin,False,Bordeaux,Peugeot,RDV effectué,4,8,,,
VM00610,2025-08-10,2025-08,8,LeBonCoin,False,Toulouse,Mercedes,RDV planifié,2,8,,,
VM00611,2025-08-10,2025-08,8,LaCentrale,False,Marseille,BMW,RDV planifié,7,8,,,
VM00612,2025-08-10,2025-08,8,LaCentrale,False,Marseille,Ford,RDV effectué,3,8,,,
VM00613,2025-08-11,2025-08,8,LeBonCoin,False,Toulouse,BMW,En cours,2,8,,,
VM00614,2025-08-11,2025-08,8,LeBonCoin,False,Lyon,Peugeot,RDV effectué,3,8,,,
VM00615,2025-08-12,2025-08,8,LeBonCoin,False,Montpellier,Dacia,En cours,4,8,,,
VM00616,2025-08-12,2025-08,8,LeBonCoin,False,Nantes,Peugeot,NRP,1,8,,,
VM00617,2025-08-12,2025-08,8,LeBonCoin,False,Marseille,Mercedes,En cours,4,8,,,
VM00618,2025-08-12,2025-08,8,LeBonCoin,False,Montpellier,Renault,Perdu,4,8,,,
VM00619,2025-08-12,2025-08,8,LeBonCoin,False,Rennes,BMW,En cours,5,8,,,
VM00620,2025-08-12,2025-08,8,LaCentrale,False,Lille,Opel,NRP,1,8,,,
VM00621,2025-08-12,2025-08,8,LaCentrale,False,Nantes,Toyota,RDV planifié,1,8,,,
VM00622,2025-08-13,2025-08,8,LeBonCoin,False,Nice,Citroën,NRP,1,8,,,
VM00623,2025-08-14,2025-08,8,LeBonCoin,False,Bordeaux,BMW,RDV effectué,8,8,,,
VM00624,2025-08-14,2025-08,8,GBP,True,Nice,Ford,En cours,2,0,,,
VM00625,2025-08-15,2025-08,8,LaCentrale,False,Marseille,Ford,RDV planifié,5,8,,,
VM00626,2025-08-16,2025-08,8,LeBonCoin,False,Bordeaux,Opel,RDV effectué,4,8,,,
VM00627,2025-08-16,2025-08,8,LeBonCoin,False,Lyon,Peugeot,RDV effectué,7,8,,,
VM00628,2025-08-16,2025-08,8,LaCentrale,False,Marseille,Mercedes,En cours,1,8,,,
VM00629,2025-08-17,2025-08,8,LeBonCoin,False,Marseille,Renault,RDV effectué,8,8,,,
VM00630,2025-08-18,2025-08,8,LeBonCoin,False,Rennes,Dacia,RDV planifié,7,8,,,
VM00631,2025-08-18,2025-08,8,LaCentrale,False,Strasbourg,Ford,En cours,5,8,,,
VM00632,2025-08-19,2025-08,8,LaCentrale,False,Strasbourg,Peugeot,NRP,3,8,,,
VM00633,2025-08-20,2025-08,8,LaCentrale,False,Toulouse,Peugeot,RDV effectué,6,8,,,
VM00634,2025-08-20,2025-08,8,LaCentrale,False,Strasbourg,Citroën,NRP,1,8,,,
VM00635,2025-08-20,2025-08,8,GBP,True,Lille,Dacia,Signé,6,0,7400.0,496.0,0.067
VM00636,2025-08-21,2025-08,8,LeBonCoin,False,Bordeaux,Citroën,En cours,3,8,,,
VM00637,2025-08-21,2025-08,8,LeBonCoin,False,Rennes,Opel,NRP,2,8,,,
VM00638,2025-08-21,2025-08,8,Formulaire,True,Bordeaux,Renault,RDV effectué,8,5,,,
VM00639,2025-08-23,2025-08,8,LeBonCoin,False,Bordeaux,Mercedes,NRP,3,8,,,
VM00640,2025-08-23,2025-08,8,LaCentrale,False,Strasbourg,Renault,RDV planifié,3,8,,,
VM00641,2025-08-23,2025-08,8,LaCentrale,False,Bordeaux,Opel,En cours,4,8,,,
VM00642,2025-08-24,2025-08,8,LeBonCoin,False,Strasbourg,Citroën,Signé,5,8,8400.0,622.0,0.074
VM00643,2025-08-24,2025-08,8,LaCentrale,False,Lille,Dacia,NRP,2,8,,,
VM00644,2025-08-24,2025-08,8,LaCentrale,False,Strasbourg,BMW,NRP,1,8,,,
VM00645,2025-08-24,2025-08,8,LaCentrale,False,Bordeaux,Toyota,En cours,4,8,,,
VM00646,2025-08-25,2025-08,8,LeBonCoin,False,Rennes,Mercedes,En cours,2,8,,,
VM00647,2025-08-25,2025-08,8,LeBonCoin,False,Bordeaux,Citroën,RDV planifié,4,8,,,
VM00648,2025-08-26,2025-08,8,LeBonCoin,False,Marseille,Mercedes,En cours,4,8,,,
VM00649,2025-08-26,2025-08,8,LeBonCoin,False,Rennes,Toyota,En cours,3,8,,,
VM00650,2025-08-27,2025-08,8,LeBonCoin,False,Nantes,BMW,En cours,5,8,,,
VM00651,2025-08-27,2025-08,8,LeBonCoin,False,Rennes,Toyota,En cours,2,8,,,
VM00652,2025-08-27,2025-08,8,LeBonCoin,False,Marseille,BMW,NRP,2,8,,,
VM00653,2025-08-27,2025-08,8,Facebook,True,Marseille,Ford,Signé,8,0,9900.0,1218.0,0.123
VM00654,2025-08-28,2025-08,8,LeBonCoin,False,Marseille,Peugeot,En cours,4,8,,,
VM00655,2025-08-28,2025-08,8,LeBonCoin,False,Nice,Opel,Perdu,6,8,,,
VM00656,2025-08-28,2025-08,8,LeBonCoin,False,Lyon,Dacia,NRP,3,8,,,
VM00657,2025-08-28,2025-08,8,LaCentrale,False,Rennes,BMW,Perdu,6,8,,,
VM00658,2025-08-29,2025-08,8,LeBonCoin,False,Strasbourg,Dacia,Signé,3,8,9400.0,1166.0,0.124
VM00659,2025-08-29,2025-08,8,LeBonCoin,False,Toulouse,BMW,NRP,2,8,,,
VM00660,2025-08-29,2025-08,8,LeBonCoin,False,Strasbourg,Ford,RDV planifié,6,8,,,
VM00661,2025-08-29,2025-08,8,LaCentrale,False,Rennes,Mercedes,NRP,3,8,,,
VM00662,2025-08-30,2025-08,8,LeBonCoin,False,Strasbourg,Opel,En cours,5,8,,,
VM00663,2025-08-30,2025-08,8,LeBonCoin,False,Montpellier,Mercedes,NRP,2,8,,,
VM00664,2025-08-30,2025-08,8,LeBonCoin,False,Bordeaux,Volkswagen,RDV planifié,1,8,,,
VM00665,2025-08-30,2025-08,8,Facebook,True,Nantes,Mercedes,RDV effectué,7,0,,,
VM00666,2025-08-31,2025-08,8,LeBonCoin,False,Strasbourg,Toyota,NRP,3,8,,,
VM00667,2025-08-31,2025-08,8,LaCentrale,False,Bordeaux,Renault,Perdu,9,8,,,
VM00668,2025-08-31,2025-08,8,LaCentrale,False,Montpellier,Opel,NRP,1,8,,,
VM00669,2025-08-31,2025-08,8,GBP,True,Rennes,Toyota,RDV effectué,5,0,,,
VM00670,2025-08-31,2025-08,8,Facebook,True,Nice,Opel,RDV planifié,7,0,,,
VM00671,2025-09-01,2025-09,9,LeBonCoin,False,Rennes,Peugeot,NRP,1,8,,,
VM00672,2025-09-01,2025-09,9,LeBonCoin,False,Bordeaux,Citroën,En cours,1,8,,,
VM00673,2025-09-02,2025-09,9,LaCentrale,False,Rennes,Volkswagen,En cours,3,8,,,
VM00674,2025-09-03,2025-09,9,LeBonCoin,False,Rennes,Peugeot,RDV planifié,3,8,,,
VM00675,2025-09-03,2025-09,9,LaCentrale,False,Marseille,Peugeot,En cours,4,8,,,
VM00676,2025-09-04,2025-09,9,LaCentrale,False,Lyon,Toyota,En cours,1,8,,,
VM00677,2025-09-04,2025-09,9,LaCentrale,False,Nantes,Volkswagen,RDV planifié,6,8,,,
VM00678,2025-09-05,2025-09,9,LeBonCoin,False,Nantes,Toyota,RDV planifié,5,8,,,
VM00679,2025-09-05,2025-09,9,LeBonCoin,False,Toulouse,Ford,RDV planifié,4,8,,,
VM00680,2025-09-05,2025-09,9,LeBonCoin,False,Strasbourg,Ford,RDV planifié,2,8,,,
VM00681,2025-09-05,2025-09,9,LaCentrale,False,Toulouse,Dacia,NRP,3,8,,,
VM00682,2025-09-05,2025-09,9,GBP,True,Lyon,Volkswagen,RDV effectué,8,0,,,
VM00683,2025-09-06,2025-09,9,LeBonCoin,False,Bordeaux,Mercedes,NRP,3,8,,,
VM00684,2025-09-07,2025-09,9,LeBonCoin,False,Nantes,Toyota,NRP,3,8,,,
VM00685,2025-09-07,2025-09,9,LeBonCoin,False,Bordeaux,BMW,En cours,4,8,,,
VM00686,2025-09-07,2025-09,9,LeBonCoin,False,Montpellier,Toyota,RDV planifié,4,8,,,
VM00687,2025-09-07,2025-09,9,Partenariat,True,Nice,Peugeot,RDV effectué,8,0,,,
VM00688,2025-09-08,2025-09,9,LeBonCoin,False,Nice,Citroën,En cours,4,8,,,
VM00689,2025-09-08,2025-09,9,LeBonCoin,False,Nice,Mercedes,RDV effectué,6,8,,,
VM00690,2025-09-08,2025-09,9,LeBonCoin,False,Marseille,Peugeot,NRP,1,8,,,
VM00691,2025-09-08,2025-09,9,LaCentrale,False,Nantes,Toyota,En cours,1,8,,,
VM00692,2025-09-08,2025-09,9,LaCentrale,False,Strasbourg,Ford,RDV effectué,10,8,,,
VM00693,2025-09-09,2025-09,9,LeBonCoin,False,Strasbourg,Ford,RDV planifié,5,8,,,
VM00694,2025-09-09,2025-09,9,LeBonCoin,False,Montpellier,Citroën,NRP,3,8,,,
VM00695,2025-09-09,2025-09,9,LeBonCoin,False,Lille,Citroën,RDV planifié,4,8,,,
VM00696,2025-09-09,2025-09,9,LaCentrale,False,Nice,Renault,NRP,2,8,,,
VM00697,2025-09-09,2025-09,9,Facebook,True,Strasbourg,Opel,Signé,1,0,8000.0,608.0,0.076
VM00698,2025-09-10,2025-09,9,LeBonCoin,False,Strasbourg,Dacia,RDV planifié,4,8,,,
VM00699,2025-09-10,2025-09,9,LeBonCoin,False,Rennes,Citroën,En cours,4,8,,,
VM00700,2025-09-10,2025-09,9,LeBonCoin,False,Toulouse,BMW,NRP,1,8,,,
VM00701,2025-09-10,2025-09,9,LaCentrale,False,Montpellier,BMW,NRP,1,8,,,
VM00702,2025-09-10,2025-09,9,LaCentrale,False,Nice,Dacia,NRP,2,8,,,
VM00703,2025-09-11,2025-09,9,LeBonCoin,False,Nice,Peugeot,RDV planifié,1,8,,,
VM00704,2025-09-11,2025-09,9,LeBonCoin,False,Marseille,Opel,En cours,5,8,,,
VM00705,2025-09-12,2025-09,9,LeBonCoin,False,Toulouse,Ford,Signé,2,8,9200.0,874.0,0.095
VM00706,2025-09-12,2025-09,9,LaCentrale,False,Toulouse,BMW,NRP,3,8,,,
VM00707,2025-09-13,2025-09,9,LeBonCoin,False,Bordeaux,Dacia,Signé,2,8,7900.0,695.0,0.088
VM00708,2025-09-14,2025-09,9,LeBonCoin,False,Nice,Toyota,Signé,3,8,9200.0,727.0,0.079
VM00709,2025-09-14,2025-09,9,LeBonCoin,False,Nantes,Volkswagen,Signé,11,8,8700.0,635.0,0.073
VM00710,2025-09-14,2025-09,9,LeBonCoin,False,Nice,Toyota,RDV effectué,2,8,,,
VM00711,2025-09-14,2025-09,9,LaCentrale,False,Montpellier,Citroën,RDV planifié,5,8,,,
VM00712,2025-09-14,2025-09,9,LaCentrale,False,Lille,Mercedes,En cours,3,8,,,
VM00713,2025-09-14,2025-09,9,Facebook,True,Bordeaux,Citroën,En cours,5,0,,,
VM00714,2025-09-15,2025-09,9,LeBonCoin,False,Strasbourg,Renault,Perdu,15,8,,,
VM00715,2025-09-15,2025-09,9,LeBonCoin,False,Nantes,Citroën,Perdu,13,8,,,
VM00716,2025-09-16,2025-09,9,LeBonCoin,False,Toulouse,Ford,En cours,3,8,,,
VM00717,2025-09-16,2025-09,9,LeBonCoin,False,Lille,Ford,En cours,5,8,,,
VM00718,2025-09-16,2025-09,9,LaCentrale,False,Bordeaux,Ford,En cours,1,8,,,
VM00719,2025-09-16,2025-09,9,LaCentrale,False,Marseille,Dacia,RDV planifié,3,8,,,
VM00720,2025-09-17,2025-09,9,LeBonCoin,False,Nice,Renault,Perdu,8,8,,,
VM00721,2025-09-17,2025-09,9,LeBonCoin,False,Marseille,Peugeot,Signé,13,8,5500.0,759.0,0.138
VM00722,2025-09-17,2025-09,9,LeBonCoin,False,Toulouse,Ford,RDV effectué,8,8,,,
VM00723,2025-09-17,2025-09,9,LeBonCoin,False,Marseille,Opel,Signé,9,8,6900.0,869.0,0.126
VM00724,2025-09-17,2025-09,9,LaCentrale,False,Rennes,Toyota,RDV planifié,5,8,,,
VM00725,2025-09-18,2025-09,9,GBP,True,Rennes,Renault,Signé,1,0,4900.0,539.0,0.11
VM00726,2025-09-19,2025-09,9,LeBonCoin,False,Rennes,Dacia,NRP,1,8,,,
VM00727,2025-09-19,2025-09,9,LaCentrale,False,Toulouse,Citroën,NRP,2,8,,,
VM00728,2025-09-20,2025-09,9,LeBonCoin,False,Lille,Peugeot,Signé,6,8,6100.0,824.0,0.135
VM00729,2025-09-20,2025-09,9,LeBonCoin,False,Bordeaux,Toyota,RDV planifié,3,8,,,
VM00730,2025-09-20,2025-09,9,LaCentrale,False,Nantes,Renault,RDV planifié,6,8,,,
VM00731,2025-09-20,2025-09,9,GBP,True,Toulouse,Ford,RDV planifié,3,0,,,
VM00732,2025-09-21,2025-09,9,LeBonCoin,False,Bordeaux,Renault,RDV planifié,6,8,,,
VM00733,2025-09-21,2025-09,9,LaCentrale,False,Nantes,Mercedes,NRP,1,8,,,
VM00734,2025-09-21,2025-09,9,LaCentrale,False,Lyon,Renault,En cours,4,8,,,
VM00735,2025-09-21,2025-09,9,GBP,True,Strasbourg,Citroën,RDV effectué,3,0,,,
VM00736,2025-09-22,2025-09,9,LeBonCoin,False,Strasbourg,Peugeot,En cours,2,8,,,
VM00737,2025-09-22,2025-09,9,LeBonCoin,False,Bordeaux,Toyota,RDV effectué,3,8,,,
VM00738,2025-09-22,2025-09,9,LeBonCoin,False,Nantes,Ford,En cours,3,8,,,
VM00739,2025-09-22,2025-09,9,Facebook,True,Bordeaux,Opel,Signé,3,0,8700.0,992.0,0.114
VM00740,2025-09-24,2025-09,9,LeBonCoin,False,Nantes,Dacia,RDV planifié,5,8,,,
VM00741,2025-09-25,2025-09,9,GBP,True,Nantes,Ford,RDV planifié,2,0,,,
VM00742,2025-09-26,2025-09,9,LaCentrale,False,Toulouse,Peugeot,RDV planifié,4,8,,,
VM00743,2025-09-26,2025-09,9,LaCentrale,False,Strasbourg,Toyota,Signé,4,8,9200.0,984.0,0.107
VM00744,2025-09-27,2025-09,9,LaCentrale,False,Nantes,Volkswagen,Perdu,8,8,,,
VM00745,2025-09-28,2025-09,9,LeBonCoin,False,Toulouse,Opel,En cours,1,8,,,
VM00746,2025-09-29,2025-09,9,LeBonCoin,False,Nice,BMW,RDV planifié,6,8,,,
VM00747,2025-09-29,2025-09,9,LeBonCoin,False,Lille,Volkswagen,RDV effectué,2,8,,,
VM00748,2025-09-29,2025-09,9,LeBonCoin,False,Toulouse,Ford,RDV planifié,5,8,,,
VM00749,2025-09-30,2025-09,9,LeBonCoin,False,Toulouse,Dacia,En cours,1,8,,,
VM00750,2025-09-30,2025-09,9,LeBonCoin,False,Rennes,Mercedes,En cours,2,8,,,
VM00751,2025-09-30,2025-09,9,LeBonCoin,False,Marseille,Toyota,NRP,1,8,,,
VM00752,2025-09-30,2025-09,9,LeBonCoin,False,Strasbourg,Toyota,NRP,3,8,,,
VM00753,2025-09-30,2025-09,9,LaCentrale,False,Rennes,Peugeot,RDV planifié,2,8,,,
VM00754,2025-10-01,2025-10,10,LaCentrale,False,Lyon,BMW,NRP,1,8,,,
VM00755,2025-10-01,2025-10,10,GBP,True,Strasbourg,Opel,En cours,1,0,,,
VM00756,2025-10-02,2025-10,10,LeBonCoin,False,Strasbourg,Ford,En cours,5,8,,,
VM00757,2025-10-02,2025-10,10,LeBonCoin,False,Montpellier,Opel,RDV effectué,3,8,,,
VM00758,2025-10-03,2025-10,10,LeBonCoin,False,Bordeaux,BMW,RDV planifié,3,8,,,
VM00759,2025-10-03,2025-10,10,LeBonCoin,False,Nantes,Opel,NRP,1,8,,,
VM00760,2025-10-03,2025-10,10,LaCentrale,False,Bordeaux,BMW,En cours,5,8,,,
VM00761,2025-10-03,2025-10,10,Partenariat,True,Lyon,Volkswagen,RDV effectué,5,0,,,
VM00762,2025-10-05,2025-10,10,LeBonCoin,False,Bordeaux,Dacia,NRP,2,8,,,
VM00763,2025-10-05,2025-10,10,LaCentrale,False,Lille,Citroën,RDV planifié,1,8,,,
VM00764,2025-10-05,2025-10,10,GBP,True,Nantes,Renault,NRP,3,0,,,
VM00765,2025-10-05,2025-10,10,Facebook,True,Montpellier,Opel,En cours,3,0,,,
VM00766,2025-10-05,2025-10,10,Partenariat,True,Lille,Peugeot,Signé,5,0,6200.0,434.0,0.07
VM00767,2025-10-06,2025-10,10,LeBonCoin,False,Marseille,Ford,RDV effectué,2,8,,,
VM00768,2025-10-06,2025-10,10,LeBonCoin,False,Lille,Mercedes,En cours,1,8,,,
VM00769,2025-10-07,2025-10,10,LeBonCoin,False,Rennes,Opel,RDV planifié,4,8,,,
VM00770,2025-10-07,2025-10,10,LeBonCoin,False,Nice,Citroën,En cours,4,8,,,
VM00771,2025-10-07,2025-10,10,LeBonCoin,False,Bordeaux,Mercedes,En cours,3,8,,,
VM00772,2025-10-08,2025-10,10,LeBonCoin,False,Toulouse,Opel,RDV planifié,1,8,,,
VM00773,2025-10-08,2025-10,10,LeBonCoin,False,Toulouse,Renault,NRP,1,8,,,
VM00774,2025-10-08,2025-10,10,LaCentrale,False,Nantes,Citroën,En cours,4,8,,,
VM00775,2025-10-09,2025-10,10,LeBonCoin,False,Montpellier,Ford,Perdu,3,8,,,
VM00776,2025-10-09,2025-10,10,LeBonCoin,False,Strasbourg,Toyota,En cours,2,8,,,
VM00777,2025-10-09,2025-10,10,LeBonCoin,False,Nice,Toyota,En cours,1,8,,,
VM00778,2025-10-09,2025-10,10,LeBonCoin,False,Lyon,Citroën,NRP,3,8,,,
VM00779,2025-10-10,2025-10,10,LeBonCoin,False,Lyon,Ford,En cours,5,8,,,
VM00780,2025-10-10,2025-10,10,LeBonCoin,False,Lille,BMW,NRP,2,8,,,
VM00781,2025-10-10,2025-10,10,LaCentrale,False,Rennes,Renault,En cours,5,8,,,
VM00782,2025-10-11,2025-10,10,LeBonCoin,False,Nice,BMW,En cours,3,8,,,
VM00783,2025-10-11,2025-10,10,LeBonCoin,False,Rennes,Toyota,RDV effectué,5,8,,,
VM00784,2025-10-11,2025-10,10,LaCentrale,False,Toulouse,Opel,RDV planifié,4,8,,,
VM00785,2025-10-11,2025-10,10,Facebook,True,Lyon,Volkswagen,Signé,4,0,6000.0,810.0,0.135
VM00786,2025-10-12,2025-10,10,LeBonCoin,False,Lyon,Toyota,RDV planifié,6,8,,,
VM00787,2025-10-13,2025-10,10,LeBonCoin,False,Strasbourg,BMW,NRP,3,8,,,
VM00788,2025-10-13,2025-10,10,LeBonCoin,False,Toulouse,Ford,NRP,3,8,,,
VM00789,2025-10-13,2025-10,10,LeBonCoin,False,Nantes,BMW,En cours,1,8,,,
VM00790,2025-10-13,2025-10,10,LaCentrale,False,Montpellier,Ford,NRP,1,8,,,
VM00791,2025-10-13,2025-10,10,LaCentrale,False,Rennes,Peugeot,RDV effectué,7,8,,,
VM00792,2025-10-13,2025-10,10,GBP,True,Nantes,Ford,RDV effectué,10,0,,,
VM00793,2025-10-14,2025-10,10,LeBonCoin,False,Lyon,Ford,NRP,3,8,,,
VM00794,2025-10-14,2025-10,10,LeBonCoin,False,Toulouse,BMW,RDV planifié,2,8,,,
VM00795,2025-10-14,2025-10,10,LaCentrale,False,Strasbourg,Toyota,En cours,3,8,,,
VM00796,2025-10-15,2025-10,10,LeBonCoin,False,Toulouse,Peugeot,En cours,3,8,,,
VM00797,2025-10-15,2025-10,10,LeBonCoin,False,Nice,Peugeot,Perdu,5,8,,,
VM00798,2025-10-15,2025-10,10,LeBonCoin,False,Rennes,Dacia,NRP,1,8,,,
VM00799,2025-10-16,2025-10,10,LeBonCoin,False,Montpellier,Toyota,En cours,1,8,,,
VM00800,2025-10-16,2025-10,10,GBP,True,Rennes,BMW,Perdu,6,0,,,
VM00801,2025-10-17,2025-10,10,LeBonCoin,False,Bordeaux,Citroën,En cours,1,8,,,
VM00802,2025-10-17,2025-10,10,LeBonCoin,False,Nice,Renault,RDV effectué,6,8,,,
VM00803,2025-10-17,2025-10,10,LeBonCoin,False,Nantes,Peugeot,NRP,2,8,,,
VM00804,2025-10-17,2025-10,10,LaCentrale,False,Strasbourg,Opel,RDV effectué,7,8,,,
VM00805,2025-10-17,2025-10,10,LaCentrale,False,Lille,Citroën,NRP,2,8,,,
VM00806,2025-10-17,2025-10,10,Facebook,True,Rennes,Opel,NRP,2,0,,,
VM00807,2025-10-19,2025-10,10,LeBonCoin,False,Bordeaux,Dacia,RDV effectué,5,8,,,
VM00808,2025-10-19,2025-10,10,LeBonCoin,False,Bordeaux,Renault,NRP,1,8,,,
VM00809,2025-10-19,2025-10,10,LaCentrale,False,Nantes,Volkswagen,NRP,1,8,,,
VM00810,2025-10-19,2025-10,10,LaCentrale,False,Bordeaux,Mercedes,Signé,7,8,8900.0,1202.0,0.135
VM00811,2025-10-21,2025-10,10,LeBonCoin,False,Bordeaux,Renault,RDV planifié,7,8,,,
VM00812,2025-10-21,2025-10,10,LeBonCoin,False,Rennes,Citroën,Perdu,6,8,,,
VM00813,2025-10-21,2025-10,10,LeBonCoin,False,Bordeaux,Renault,NRP,2,8,,,
VM00814,2025-10-21,2025-10,10,LeBonCoin,False,Nantes,Mercedes,Perdu,3,8,,,
VM00815,2025-10-21,2025-10,10,LaCentrale,False,Rennes,Renault,En cours,4,8,,,
VM00816,2025-10-21,2025-10,10,Facebook,True,Nantes,Toyota,RDV planifié,4,0,,,
VM00817,2025-10-22,2025-10,10,LaCentrale,False,Lille,BMW,NRP,1,8,,,
VM00818,2025-10-22,2025-10,10,LaCentrale,False,Lyon,Mercedes,En cours,2,8,,,
VM00819,2025-10-23,2025-10,10,LeBonCoin,False,Lille,Dacia,RDV planifié,2,8,,,
VM00820,2025-10-23,2025-10,10,LaCentrale,False,Rennes,Renault,En cours,5,8,,,
VM00821,2025-10-23,2025-10,10,LaCentrale,False,Nantes,Ford,NRP,2,8,,,
VM00822,2025-10-24,2025-10,10,LeBonCoin,False,Toulouse,Opel,NRP,3,8,,,
VM00823,2025-10-25,2025-10,10,LaCentrale,False,Marseille,Dacia,RDV effectué,8,8,,,
VM00824,2025-10-27,2025-10,10,LeBonCoin,False,Marseille,Mercedes,RDV planifié,4,8,,,
VM00825,2025-10-27,2025-10,10,LeBonCoin,False,Lille,Citroën,RDV planifié,4,8,,,
VM00826,2025-10-27,2025-10,10,LaCentrale,False,Toulouse,Renault,NRP,3,8,,,
VM00827,2025-10-27,2025-10,10,LaCentrale,False,Rennes,Opel,Signé,14,8,7000.0,875.0,0.125
VM00828,2025-10-27,2025-10,10,GBP,True,Toulouse,Citroën,RDV planifié,5,0,,,
VM00829,2025-10-27,2025-10,10,Facebook,True,Toulouse,BMW,NRP,3,0,,,
VM00830,2025-10-28,2025-10,10,LeBonCoin,False,Lyon,Volkswagen,RDV planifié,7,8,,,
VM00831,2025-10-28,2025-10,10,LeBonCoin,False,Strasbourg,Toyota,RDV planifié,7,8,,,
VM00832,2025-10-28,2025-10,10,Partenariat,True,Nantes,Volkswagen,Perdu,5,0,,,
VM00833,2025-10-29,2025-10,10,LeBonCoin,False,Marseille,Mercedes,RDV planifié,7,8,,,
VM00834,2025-10-29,2025-10,10,LeBonCoin,False,Marseille,Mercedes,NRP,3,8,,,
VM00835,2025-10-30,2025-10,10,LeBonCoin,False,Toulouse,Dacia,RDV planifié,5,8,,,
VM00836,2025-10-30,2025-10,10,LeBonCoin,False,Rennes,Renault,RDV planifié,2,8,,,
VM00837,2025-10-30,2025-10,10,LeBonCoin,False,Nice,Volkswagen,NRP,1,8,,,
VM00838,2025-10-31,2025-10,10,LeBonCoin,False,Lyon,Toyota,NRP,2,8,,,
VM00839,2025-10-31,2025-10,10,LeBonCoin,False,Nantes,Toyota,Signé,5,8,9400.0,818.0,0.087
VM00840,2025-10-31,2025-10,10,LeBonCoin,False,Nice,Citroën,NRP,1,8,,,
VM00841,2025-10-31,2025-10,10,LaCentrale,False,Marseille,Peugeot,RDV effectué,10,8,,,
VM00842,2025-11-01,2025-11,11,LeBonCoin,False,Nice,Peugeot,En cours,4,8,,,
VM00843,2025-11-01,2025-11,11,LaCentrale,False,Nantes,Citroën,En cours,3,8,,,
VM00844,2025-11-01,2025-11,11,LaCentrale,False,Rennes,Toyota,RDV effectué,8,8,,,
VM00845,2025-11-02,2025-11,11,LeBonCoin,False,Nice,Toyota,NRP,3,8,,,
VM00846,2025-11-02,2025-11,11,LeBonCoin,False,Nantes,Ford,En cours,5,8,,,
VM00847,2025-11-04,2025-11,11,LeBonCoin,False,Nantes,Citroën,En cours,3,8,,,
VM00848,2025-11-04,2025-11,11,LaCentrale,False,Nice,Renault,RDV effectué,8,8,,,
VM00849,2025-11-04,2025-11,11,Formulaire,True,Nice,Volkswagen,En cours,3,5,,,
VM00850,2025-11-05,2025-11,11,LeBonCoin,False,Rennes,Citroën,RDV planifié,1,8,,,
VM00851,2025-11-05,2025-11,11,LeBonCoin,False,Toulouse,Toyota,En cours,1,8,,,
VM00852,2025-11-05,2025-11,11,LaCentrale,False,Bordeaux,Toyota,Perdu,5,8,,,
VM00853,2025-11-05,2025-11,11,LaCentrale,False,Toulouse,Volkswagen,En cours,3,8,,,
VM00854,2025-11-06,2025-11,11,LeBonCoin,False,Lille,Peugeot,RDV effectué,7,8,,,
VM00855,2025-11-07,2025-11,11,Facebook,True,Nantes,Ford,Signé,1,0,7500.0,892.0,0.119
VM00856,2025-11-07,2025-11,11,Partenariat,True,Marseille,Opel,RDV planifié,4,0,,,
VM00857,2025-11-08,2025-11,11,LeBonCoin,False,Nice,Volkswagen,En cours,4,8,,,
VM00858,2025-11-08,2025-11,11,LeBonCoin,False,Lyon,BMW,NRP,1,8,,,
VM00859,2025-11-09,2025-11,11,LeBonCoin,False,Bordeaux,Peugeot,NRP,2,8,,,
VM00860,2025-11-09,2025-11,11,LeBonCoin,False,Nantes,Peugeot,En cours,4,8,,,
VM00861,2025-11-09,2025-11,11,LaCentrale,False,Marseille,Mercedes,RDV planifié,1,8,,,
VM00862,2025-11-09,2025-11,11,LaCentrale,False,Lyon,Ford,Perdu,10,8,,,
VM00863,2025-11-09,2025-11,11,LaCentrale,False,Nice,Ford,Perdu,5,8,,,
VM00864,2025-11-09,2025-11,11,LaCentrale,False,Marseille,Volkswagen,NRP,1,8,,,
VM00865,2025-11-09,2025-11,11,GBP,True,Montpellier,Opel,Perdu,9,0,,,
VM00866,2025-11-10,2025-11,11,LaCentrale,False,Lille,Volkswagen,En cours,3,8,,,
VM00867,2025-11-10,2025-11,11,LaCentrale,False,Nice,Opel,NRP,2,8,,,
VM00868,2025-11-11,2025-11,11,LeBonCoin,False,Bordeaux,BMW,Signé,4,8,5000.0,300.0,0.06
VM00869,2025-11-11,2025-11,11,GBP,True,Nantes,BMW,Signé,8,0,6400.0,397.0,0.062
VM00870,2025-11-13,2025-11,11,LeBonCoin,False,Bordeaux,BMW,Perdu,10,8,,,
VM00871,2025-11-13,2025-11,11,LeBonCoin,False,Rennes,BMW,RDV effectué,9,8,,,
VM00872,2025-11-13,2025-11,11,LaCentrale,False,Strasbourg,Citroën,NRP,3,8,,,
VM00873,2025-11-14,2025-11,11,LeBonCoin,False,Marseille,Citroën,En cours,4,8,,,
VM00874,2025-11-14,2025-11,11,LeBonCoin,False,Rennes,Dacia,En cours,3,8,,,
VM00875,2025-11-15,2025-11,11,LeBonCoin,False,Nice,Renault,En cours,3,8,,,
VM00876,2025-11-15,2025-11,11,LeBonCoin,False,Bordeaux,Peugeot,NRP,3,8,,,
VM00877,2025-11-15,2025-11,11,LeBonCoin,False,Montpellier,Ford,RDV planifié,7,8,,,
VM00878,2025-11-15,2025-11,11,LaCentrale,False,Toulouse,Opel,Perdu,12,8,,,
VM00879,2025-11-15,2025-11,11,GBP,True,Montpellier,Ford,NRP,2,0,,,
VM00880,2025-11-15,2025-11,11,GBP,True,Rennes,Mercedes,Perdu,13,0,,,
VM00881,2025-11-15,2025-11,11,Facebook,True,Lyon,Opel,Signé,8,0,7100.0,653.0,0.092
VM00882,2025-11-16,2025-11,11,LeBonCoin,False,Nice,Mercedes,RDV planifié,5,8,,,
VM00883,2025-11-16,2025-11,11,LaCentrale,False,Nantes,Citroën,NRP,2,8,,,
VM00884,2025-11-16,2025-11,11,LaCentrale,False,Toulouse,Citroën,Perdu,15,8,,,
VM00885,2025-11-16,2025-11,11,Facebook,True,Strasbourg,Volkswagen,NRP,1,0,,,
VM00886,2025-11-16,2025-11,11,Facebook,True,Nantes,Mercedes,Perdu,13,0,,,
VM00887,2025-11-16,2025-11,11,Partenariat,True,Bordeaux,Ford,En cours,1,0,,,
VM00888,2025-11-17,2025-11,11,LaCentrale,False,Marseille,BMW,RDV planifié,5,8,,,
VM00889,2025-11-18,2025-11,11,LeBonCoin,False,Lyon,Mercedes,RDV planifié,7,8,,,
VM00890,2025-11-18,2025-11,11,LeBonCoin,False,Strasbourg,Peugeot,RDV planifié,7,8,,,
VM00891,2025-11-18,2025-11,11,LeBonCoin,False,Nice,Mercedes,En cours,2,8,,,
VM00892,2025-11-18,2025-11,11,Facebook,True,Bordeaux,Mercedes,RDV effectué,3,0,,,
VM00893,2025-11-19,2025-11,11,LeBonCoin,False,Montpellier,Toyota,RDV effectué,6,8,,,
VM00894,2025-11-19,2025-11,11,LeBonCoin,False,Nice,Dacia,Signé,6,8,7500.0,742.0,0.099
VM00895,2025-11-20,2025-11,11,Facebook,True,Strasbourg,Citroën,NRP,2,0,,,
VM00896,2025-11-20,2025-11,11,Facebook,True,Lyon,Ford,RDV effectué,8,0,,,
VM00897,2025-11-21,2025-11,11,LeBonCoin,False,Rennes,BMW,Signé,7,8,8900.0,570.0,0.064
VM00898,2025-11-21,2025-11,11,LeBonCoin,False,Lille,BMW,Signé,2,8,7300.0,898.0,0.123
VM00899,2025-11-21,2025-11,11,LeBonCoin,False,Toulouse,Citroën,Signé,13,8,8900.0,1228.0,0.138
VM00900,2025-11-21,2025-11,11,LeBonCoin,False,Marseille,BMW,En cours,4,8,,,
VM00901,2025-11-22,2025-11,11,LeBonCoin,False,Toulouse,Dacia,RDV effectué,3,8,,,
VM00902,2025-11-22,2025-11,11,GBP,True,Rennes,Opel,En cours,4,0,,,
VM00903,2025-11-23,2025-11,11,Formulaire,True,Lille,Opel,Signé,1,5,8200.0,599.0,0.073
VM00904,2025-11-24,2025-11,11,LeBonCoin,False,Nice,Renault,En cours,5,8,,,
VM00905,2025-11-24,2025-11,11,LeBonCoin,False,Lyon,Volkswagen,NRP,1,8,,,
VM00906,2025-11-24,2025-11,11,LeBonCoin,False,Marseille,Volkswagen,NRP,1,8,,,
VM00907,2025-11-24,2025-11,11,GBP,True,Montpellier,Ford,En cours,4,0,,,
VM00908,2025-11-24,2025-11,11,Facebook,True,Lyon,Volkswagen,RDV effectué,3,0,,,
VM00909,2025-11-25,2025-11,11,LeBonCoin,False,Rennes,Citroën,En cours,5,8,,,
VM00910,2025-11-25,2025-11,11,LaCentrale,False,Nice,Opel,Perdu,10,8,,,
VM00911,2025-11-25,2025-11,11,Facebook,True,Lille,Peugeot,RDV planifié,2,0,,,
VM00912,2025-11-26,2025-11,11,LeBonCoin,False,Lyon,Citroën,En cours,4,8,,,
VM00913,2025-11-26,2025-11,11,LeBonCoin,False,Toulouse,Volkswagen,Signé,14,8,9900.0,1277.0,0.129
VM00914,2025-11-26,2025-11,11,LaCentrale,False,Montpellier,Renault,En cours,4,8,,,
VM00915,2025-11-26,2025-11,11,LaCentrale,False,Nantes,Citroën,Signé,14,8,8900.0,872.0,0.098
VM00916,2025-11-27,2025-11,11,LeBonCoin,False,Toulouse,BMW,RDV planifié,1,8,,,
VM00917,2025-11-27,2025-11,11,LeBonCoin,False,Lille,Ford,RDV planifié,3,8,,,
VM00918,2025-11-28,2025-11,11,LeBonCoin,False,Lille,Opel,Signé,7,8,7900.0,608.0,0.077
VM00919,2025-11-28,2025-11,11,LeBonCoin,False,Marseille,Opel,Signé,8,8,8500.0,518.0,0.061
VM00920,2025-11-28,2025-11,11,LaCentrale,False,Lille,BMW,RDV planifié,5,8,,,
VM00921,2025-11-29,2025-11,11,LeBonCoin,False,Bordeaux,Toyota,RDV effectué,9,8,,,
VM00922,2025-11-29,2025-11,11,LeBonCoin,False,Marseille,BMW,Perdu,13,8,,,
VM00923,2025-11-29,2025-11,11,LaCentrale,False,Toulouse,Citroën,En cours,3,8,,,
VM00924,2025-11-29,2025-11,11,LaCentrale,False,Lyon,Mercedes,RDV planifié,2,8,,,
VM00925,2025-11-30,2025-11,11,LeBonCoin,False,Nantes,Renault,En cours,3,8,,,
VM00926,2025-11-30,2025-11,11,GBP,True,Lille,Ford,RDV effectué,6,0,,,
VM00927,2025-11-30,2025-11,11,Facebook,True,Lyon,Mercedes,RDV planifié,6,0,,,
VM00928,2025-12-01,2025-12,12,LeBonCoin,False,Marseille,Volkswagen,RDV effectué,5,8,,,
VM00929,2025-12-01,2025-12,12,LaCentrale,False,Marseille,Opel,RDV effectué,9,8,,,
VM00930,2025-12-01,2025-12,12,Partenariat,True,Montpellier,Citroën,En cours,2,0,,,
VM00931,2025-12-02,2025-12,12,LeBonCoin,False,Nantes,BMW,En cours,4,8,,,
VM00932,2025-12-03,2025-12,12,LeBonCoin,False,Nantes,Toyota,RDV effectué,10,8,,,
VM00933,2025-12-03,2025-12,12,LaCentrale,False,Marseille,Volkswagen,RDV planifié,2,8,,,
VM00934,2025-12-03,2025-12,12,LaCentrale,False,Strasbourg,Toyota,RDV effectué,6,8,,,
VM00935,2025-12-03,2025-12,12,LaCentrale,False,Lille,Dacia,En cours,5,8,,,
VM00936,2025-12-03,2025-12,12,Facebook,True,Nice,Mercedes,Signé,8,0,5000.0,555.0,0.111
VM00937,2025-12-04,2025-12,12,LeBonCoin,False,Montpellier,Peugeot,NRP,1,8,,,
VM00938,2025-12-04,2025-12,12,LeBonCoin,False,Nantes,Citroën,Signé,8,8,8200.0,763.0,0.093
VM00939,2025-12-04,2025-12,12,Facebook,True,Strasbourg,Mercedes,Perdu,8,0,,,
VM00940,2025-12-04,2025-12,12,Facebook,True,Nantes,Peugeot,Signé,8,0,6000.0,774.0,0.129
VM00941,2025-12-05,2025-12,12,LeBonCoin,False,Marseille,Renault,En cours,2,8,,,
VM00942,2025-12-05,2025-12,12,LeBonCoin,False,Toulouse,Citroën,NRP,2,8,,,
VM00943,2025-12-06,2025-12,12,LeBonCoin,False,Rennes,Peugeot,RDV planifié,2,8,,,
VM00944,2025-12-06,2025-12,12,LaCentrale,False,Strasbourg,Ford,NRP,2,8,,,
VM00945,2025-12-06,2025-12,12,LaCentrale,False,Strasbourg,Renault,En cours,4,8,,,
VM00946,2025-12-07,2025-12,12,LeBonCoin,False,Marseille,Renault,NRP,1,8,,,
VM00947,2025-12-07,2025-12,12,LaCentrale,False,Lyon,Volkswagen,Signé,14,8,9500.0,712.0,0.075
VM00948,2025-12-08,2025-12,12,LeBonCoin,False,Lille,Citroën,En cours,3,8,,,
VM00949,2025-12-08,2025-12,12,LaCentrale,False,Nice,BMW,NRP,3,8,,,
VM00950,2025-12-09,2025-12,12,LeBonCoin,False,Lille,BMW,NRP,1,8,,,
VM00951,2025-12-09,2025-12,12,LaCentrale,False,Nice,Opel,En cours,5,8,,,
VM00952,2025-12-09,2025-12,12,Facebook,True,Marseille,Dacia,En cours,2,0,,,
VM00953,2025-12-10,2025-12,12,LeBonCoin,False,Nantes,Ford,En cours,2,8,,,
VM00954,2025-12-11,2025-12,12,LeBonCoin,False,Nantes,Volkswagen,NRP,1,8,,,
VM00955,2025-12-11,2025-12,12,LaCentrale,False,Nantes,Peugeot,RDV effectué,10,8,,,
VM00956,2025-12-12,2025-12,12,LeBonCoin,False,Strasbourg,BMW,En cours,1,8,,,
VM00957,2025-12-12,2025-12,12,LeBonCoin,False,Nice,Renault,RDV effectué,2,8,,,
VM00958,2025-12-12,2025-12,12,LeBonCoin,False,Lyon,Renault,RDV planifié,6,8,,,
VM00959,2025-12-12,2025-12,12,LaCentrale,False,Rennes,Ford,RDV effectué,8,8,,,
VM00960,2025-12-13,2025-12,12,LeBonCoin,False,Rennes,Citroën,NRP,2,8,,,
VM00961,2025-12-13,2025-12,12,LaCentrale,False,Lyon,BMW,NRP,3,8,,,
VM00962,2025-12-13,2025-12,12,Formulaire,True,Montpellier,BMW,RDV planifié,1,5,,,
VM00963,2025-12-14,2025-12,12,LeBonCoin,False,Nantes,Ford,RDV planifié,6,8,,,
VM00964,2025-12-14,2025-12,12,LeBonCoin,False,Lille,Peugeot,Signé,3,8,8200.0,894.0,0.109
VM00965,2025-12-14,2025-12,12,LeBonCoin,False,Toulouse,Mercedes,RDV effectué,9,8,,,
VM00966,2025-12-15,2025-12,12,LeBonCoin,False,Montpellier,Volkswagen,NRP,2,8,,,
VM00967,2025-12-15,2025-12,12,LaCentrale,False,Lille,Citroën,En cours,4,8,,,
VM00968,2025-12-15,2025-12,12,LaCentrale,False,Toulouse,Dacia,NRP,2,8,,,
VM00969,2025-12-15,2025-12,12,Facebook,True,Lyon,Peugeot,En cours,1,0,,,
VM00970,2025-12-16,2025-12,12,LeBonCoin,False,Bordeaux,Opel,Signé,11,8,8800.0,634.0,0.072
VM00971,2025-12-16,2025-12,12,LeBonCoin,False,Bordeaux,BMW,NRP,3,8,,,
VM00972,2025-12-16,2025-12,12,GBP,True,Lille,BMW,RDV effectué,9,0,,,
VM00973,2025-12-17,2025-12,12,LeBonCoin,False,Nantes,Renault,En cours,1,8,,,
VM00974,2025-12-17,2025-12,12,LaCentrale,False,Bordeaux,Peugeot,Signé,7,8,9300.0,790.0,0.085
VM00975,2025-12-17,2025-12,12,LaCentrale,False,Nantes,Toyota,Signé,2,8,4100.0,291.0,0.071
VM00976,2025-12-17,2025-12,12,LaCentrale,False,Nice,BMW,En cours,4,8,,,
VM00977,2025-12-17,2025-12,12,Facebook,True,Bordeaux,Ford,Signé,2,0,7500.0,652.0,0.087
VM00978,2025-12-18,2025-12,12,LeBonCoin,False,Lille,Ford,En cours,4,8,,,
VM00979,2025-12-18,2025-12,12,LeBonCoin,False,Strasbourg,Citroën,RDV effectué,9,8,,,
VM00980,2025-12-18,2025-12,12,LeBonCoin,False,Lyon,Citroën,NRP,3,8,,,
VM00981,2025-12-18,2025-12,12,Partenariat,True,Rennes,Mercedes,NRP,3,0,,,
VM00982,2025-12-19,2025-12,12,LeBonCoin,False,Nice,Ford,RDV planifié,2,8,,,
VM00983,2025-12-19,2025-12,12,LaCentrale,False,Nantes,Dacia,RDV effectué,2,8,,,
VM00984,2025-12-19,2025-12,12,LaCentrale,False,Strasbourg,Dacia,Perdu,4,8,,,
VM00985,2025-12-20,2025-12,12,LeBonCoin,False,Marseille,Renault,NRP,2,8,,,
VM00986,2025-12-20,2025-12,12,LeBonCoin,False,Nice,Mercedes,RDV effectué,10,8,,,
VM00987,2025-12-20,2025-12,12,LaCentrale,False,Montpellier,Opel,En cours,3,8,,,
VM00988,2025-12-21,2025-12,12,LeBonCoin,False,Strasbourg,Volkswagen,RDV effectué,3,8,,,
VM00989,2025-12-21,2025-12,12,Facebook,True,Strasbourg,Citroën,RDV planifié,6,0,,,
VM00990,2025-12-23,2025-12,12,LeBonCoin,False,Lyon,Citroën,Signé,10,8,9700.0,1057.0,0.109
VM00991,2025-12-23,2025-12,12,LeBonCoin,False,Rennes,Citroën,RDV planifié,4,8,,,
VM00992,2025-12-23,2025-12,12,LaCentrale,False,Marseille,Volkswagen,NRP,2,8,,,
VM00993,2025-12-23,2025-12,12,LaCentrale,False,Lyon,Opel,En cours,3,8,,,
VM00994,2025-12-23,2025-12,12,LaCentrale,False,Strasbourg,Volkswagen,En cours,4,8,,,
VM00995,2025-12-23,2025-12,12,LaCentrale,False,Nice,Dacia,NRP,2,8,,,
VM00996,2025-12-23,2025-12,12,LaCentrale,False,Rennes,Toyota,NRP,2,8,,,
VM00997,2025-12-24,2025-12,12,LeBonCoin,False,Lyon,Peugeot,NRP,2,8,,,
VM00998,2025-12-24,2025-12,12,GBP,True,Montpellier,Opel,RDV planifié,1,0,,,
VM00999,2025-12-25,2025-12,12,LeBonCoin,False,Nice,Mercedes,NRP,1,8,,,
VM01000,2025-12-25,2025-12,12,LeBonCoin,False,Montpellier,Volkswagen,RDV planifié,5,8,,,
VM01001,2025-12-25,2025-12,12,LeBonCoin,False,Marseille,Toyota,RDV planifié,4,8,,,
VM01002,2025-12-25,2025-12,12,LaCentrale,False,Nice,Mercedes,Signé,5,8,9500.0,826.0,0.087
VM01003,2025-12-26,2025-12,12,LeBonCoin,False,Rennes,Peugeot,En cours,3,8,,,
VM01004,2025-12-26,2025-12,12,LaCentrale,False,Toulouse,Renault,NRP,3,8,,,
VM01005,2025-12-27,2025-12,12,LaCentrale,False,Montpellier,Opel,En cours,3,8,,,
VM01006,2025-12-27,2025-12,12,LaCentrale,False,Lyon,Citroën,En cours,1,8,,,
VM01007,2025-12-29,2025-12,12,LeBonCoin,False,Bordeaux,BMW,En cours,4,8,,,
VM01008,2025-12-29,2025-12,12,LeBonCoin,False,Bordeaux,Ford,RDV planifié,2,8,,,
VM01009,2025-12-30,2025-12,12,LeBonCoin,False,Marseille,Peugeot,NRP,1,8,,,
VM01010,2025-12-30,2025-12,12,LaCentrale,False,Nice,Peugeot,RDV effectué,2,8,,,
VM01011,2025-12-30,2025-12,12,LaCentrale,False,Rennes,Mercedes,RDV effectué,9,8,,,
VM01012,2025-12-30,2025-12,12,GBP,True,Rennes,Renault,Perdu,5,0,,,
VM01013,2025-12-31,2025-12,12,LeBonCoin,False,Montpellier,Ford,RDV planifié,1,8,,,
VM01014,2025-12-31,2025-12,12,LeBonCoin,False,Nantes,Mercedes,Signé,9,8,9800.0,1196.0,0.122
